base_beta,sigma,corr_len,sample_idx,alpha_min,sep_event
-0.18,0.01,0.02,0,-0.4080263806190086,1
-0.18,0.01,0.02,1,-0.4020265931646711,1
-0.18,0.01,0.02,2,-0.4068102057645359,1
-0.18,0.01,0.02,3,-0.40561721530213674,1
-0.18,0.01,0.02,4,-0.40626006963559314,1
-0.18,0.01,0.02,5,-0.404374719493947,1
-0.18,0.01,0.02,6,-0.40697484890779684,1
-0.18,0.01,0.02,7,-0.40813324851013577,1
-0.18,0.01,0.02,8,-0.4082927800033553,1
-0.18,0.01,0.02,9,-0.40755721052033,1
-0.18,0.01,0.02,10,-0.4076295152151816,1
-0.18,0.01,0.02,11,-0.4064313874959319,1
-0.18,0.01,0.02,12,-0.40611237671647804,1
-0.18,0.01,0.02,13,-0.4065418772021327,1
-0.18,0.01,0.02,14,-0.40732128084592906,1
-0.18,0.01,0.02,15,-0.40191926034418757,1
-0.18,0.01,0.02,16,-0.40482577110121654,1
-0.18,0.01,0.02,17,-0.40190021654270736,1
-0.18,0.01,0.02,18,-0.40734560643720347,1
-0.18,0.01,0.02,19,-0.40418129720637574,1
-0.18,0.01,0.02,20,-0.40713563086040583,1
-0.18,0.01,0.02,21,-0.4033131360199452,1
-0.18,0.01,0.02,22,-0.4046953020409183,1
-0.18,0.01,0.02,23,-0.4077399648614455,1
-0.18,0.01,0.02,24,-0.4068736169338639,1
-0.18,0.01,0.02,25,-0.40451640152305274,1
-0.18,0.01,0.02,26,-0.4074953407481717,1
-0.18,0.01,0.02,27,-0.40699344139922183,1
-0.18,0.01,0.02,28,-0.4039319626862882,1
-0.18,0.01,0.02,29,-0.4064064204475461,1
-0.18,0.01,0.02,30,-0.40698562417080014,1
-0.18,0.01,0.02,31,-0.4059058568934447,1
-0.18,0.01,0.02,32,-0.40584311960573355,1
-0.18,0.01,0.02,33,-0.4054342149614112,1
-0.18,0.01,0.02,34,-0.402478452955227,1
-0.18,0.01,0.02,35,-0.405096441142006,1
-0.18,0.01,0.02,36,-0.4017672206216656,1
-0.18,0.01,0.02,37,-0.40550783054577744,1
-0.18,0.01,0.02,38,-0.4082581258983934,1
-0.18,0.01,0.02,39,-0.40449625711080917,1
-0.18,0.01,0.02,40,-0.4070034997168256,1
-0.18,0.01,0.02,41,-0.40485341864676977,1
-0.18,0.01,0.02,42,-0.40799689975021936,1
-0.18,0.01,0.02,43,-0.40835233089424333,1
-0.18,0.01,0.02,44,-0.4069725331750997,1
-0.18,0.01,0.02,45,-0.4083298419741912,1
-0.18,0.01,0.02,46,-0.4074460286276679,1
-0.18,0.01,0.02,47,-0.40147803487003864,1
-0.18,0.01,0.02,48,-0.4078914219249544,1
-0.18,0.01,0.02,49,-0.4068982394024331,1
-0.18,0.01,0.02,50,-0.4075542319366097,1
-0.18,0.01,0.02,51,-0.398965993889589,1
-0.18,0.01,0.02,52,-0.4073720950667873,1
-0.18,0.01,0.02,53,-0.40265248345002497,1
-0.18,0.01,0.02,54,-0.4064677731169934,1
-0.18,0.01,0.02,55,-0.4037644546934869,1
-0.18,0.01,0.02,56,-0.40705659861281923,1
-0.18,0.01,0.02,57,-0.40604114784856943,1
-0.18,0.01,0.02,58,-0.4080358200730409,1
-0.18,0.01,0.02,59,-0.40759808495974426,1
-0.18,0.01,0.1,0,-0.4073895104139331,1
-0.18,0.01,0.1,1,-0.4064455819979351,1
-0.18,0.01,0.1,2,-0.40790613607473264,1
-0.18,0.01,0.1,3,-0.4056056987074533,1
-0.18,0.01,0.1,4,-0.4016775116543768,1
-0.18,0.01,0.1,5,-0.40824999296622827,1
-0.18,0.01,0.1,6,-0.4046449036237067,1
-0.18,0.01,0.1,7,-0.39963662350796375,1
-0.18,0.01,0.1,8,-0.40467086132506935,1
-0.18,0.01,0.1,9,-0.40520238420112553,1
-0.18,0.01,0.1,10,-0.4023363483772065,1
-0.18,0.01,0.1,11,-0.4077301824451431,1
-0.18,0.01,0.1,12,-0.4072437515088524,1
-0.18,0.01,0.1,13,-0.400164150133599,1
-0.18,0.01,0.1,14,-0.40836476376411995,1
-0.18,0.01,0.1,15,-0.39856317384363155,1
-0.18,0.01,0.1,16,-0.40725869450782093,1
-0.18,0.01,0.1,17,-0.4040665475413346,1
-0.18,0.01,0.1,18,-0.40319022311854297,1
-0.18,0.01,0.1,19,-0.40651080549575236,1
-0.18,0.01,0.1,20,-0.39461725949242266,1
-0.18,0.01,0.1,21,-0.40694532461393723,1
-0.18,0.01,0.1,22,-0.40543030459891916,1
-0.18,0.01,0.1,23,-0.40780083520350324,1
-0.18,0.01,0.1,24,-0.40703693923998124,1
-0.18,0.01,0.1,25,-0.39599440307869815,1
-0.18,0.01,0.1,26,-0.4046523215433291,1
-0.18,0.01,0.1,27,-0.40752590802083316,1
-0.18,0.01,0.1,28,-0.40275035782804236,1
-0.18,0.01,0.1,29,-0.40753581404974387,1
-0.18,0.01,0.1,30,-0.40377228060972836,1
-0.18,0.01,0.1,31,-0.3990487817648267,1
-0.18,0.01,0.1,32,-0.4066269424479786,1
-0.18,0.01,0.1,33,-0.4052719449573104,1
-0.18,0.01,0.1,34,-0.4040490143929917,1
-0.18,0.01,0.1,35,-0.40741855495453905,1
-0.18,0.01,0.1,36,-0.4037265988963359,1
-0.18,0.01,0.1,37,-0.4033291867274974,1
-0.18,0.01,0.1,38,-0.4024787184424686,1
-0.18,0.01,0.1,39,-0.40497767635838133,1
-0.18,0.01,0.1,40,-0.4068898928637394,1
-0.18,0.01,0.1,41,-0.4042402928103969,1
-0.18,0.01,0.1,42,-0.40727889808402895,1
-0.18,0.01,0.1,43,-0.3989877466807597,1
-0.18,0.01,0.1,44,-0.40764162197840526,1
-0.18,0.01,0.1,45,-0.40683606663270794,1
-0.18,0.01,0.1,46,-0.40226344670924163,1
-0.18,0.01,0.1,47,-0.40363701005310115,1
-0.18,0.01,0.1,48,-0.39766841604850417,1
-0.18,0.01,0.1,49,-0.4051560980778315,1
-0.18,0.01,0.1,50,-0.4072522355475814,1
-0.18,0.01,0.1,51,-0.3949443544872025,1
-0.18,0.01,0.1,52,-0.404261875477083,1
-0.18,0.01,0.1,53,-0.40471766309974583,1
-0.18,0.01,0.1,54,-0.4075829156476116,1
-0.18,0.01,0.1,55,-0.40395307335956643,1
-0.18,0.01,0.1,56,-0.40121702545955423,1
-0.18,0.01,0.1,57,-0.3987492345959701,1
-0.18,0.01,0.1,58,-0.4080979680612997,1
-0.18,0.01,0.1,59,-0.3931835539311413,1
-0.18,0.01,0.3,0,-0.39075929933314385,1
-0.18,0.01,0.3,1,-0.38831343413530306,1
-0.18,0.01,0.3,2,-0.4056733596217393,1
-0.18,0.01,0.3,3,-0.39872577788823144,1
-0.18,0.01,0.3,4,-0.39073169016226084,1
-0.18,0.01,0.3,5,-0.3919307401919867,1
-0.18,0.01,0.3,6,-0.4047615147664769,1
-0.18,0.01,0.3,7,-0.40752773310856466,1
-0.18,0.01,0.3,8,-0.4080771647926058,1
-0.18,0.01,0.3,9,-0.3991369865842747,1
-0.18,0.01,0.3,10,-0.40777826059219313,1
-0.18,0.01,0.3,11,-0.4080150540832539,1
-0.18,0.01,0.3,12,-0.407499864269628,1
-0.18,0.01,0.3,13,-0.39644434711418863,1
-0.18,0.01,0.3,14,-0.4024309263011141,1
-0.18,0.01,0.3,15,-0.4059218265075504,1
-0.18,0.01,0.3,16,-0.4034706750144375,1
-0.18,0.01,0.3,17,-0.40253393948629573,1
-0.18,0.01,0.3,18,-0.3951563874491513,1
-0.18,0.01,0.3,19,-0.3925482106492589,1
-0.18,0.01,0.3,20,-0.40478554665280625,1
-0.18,0.01,0.3,21,-0.3835766624439868,1
-0.18,0.01,0.3,22,-0.39850886683388176,1
-0.18,0.01,0.3,23,-0.3932395968009741,1
-0.18,0.01,0.3,24,-0.38879631527763503,1
-0.18,0.01,0.3,25,-0.3993951915087743,1
-0.18,0.01,0.3,26,-0.4008443392436358,1
-0.18,0.01,0.3,27,-0.4049762297289826,1
-0.18,0.01,0.3,28,-0.3964947706729775,1
-0.18,0.01,0.3,29,-0.4005868721433848,1
-0.18,0.01,0.3,30,-0.3872652484892304,1
-0.18,0.01,0.3,31,-0.39880275877961996,1
-0.18,0.01,0.3,32,-0.3927961961197603,1
-0.18,0.01,0.3,33,-0.4081535986756692,1
-0.18,0.01,0.3,34,-0.3961396829893344,1
-0.18,0.01,0.3,35,-0.38657608615587963,1
-0.18,0.01,0.3,36,-0.3986263315450958,1
-0.18,0.01,0.3,37,-0.3979154276447748,1
-0.18,0.01,0.3,38,-0.40788209314202417,1
-0.18,0.01,0.3,39,-0.4074843733356944,1
-0.18,0.01,0.3,40,-0.40832287728667743,1
-0.18,0.01,0.3,41,-0.3962301129257658,1
-0.18,0.01,0.3,42,-0.40178124033960544,1
-0.18,0.01,0.3,43,-0.39665468284051325,1
-0.18,0.01,0.3,44,-0.3840702762786332,1
-0.18,0.01,0.3,45,-0.4081922069689992,1
-0.18,0.01,0.3,46,-0.3942530370155692,1
-0.18,0.01,0.3,47,-0.4034397029859889,1
-0.18,0.01,0.3,48,-0.39491710865221286,1
-0.18,0.01,0.3,49,-0.4041912145535181,1
-0.18,0.01,0.3,50,-0.40565507431534986,1
-0.18,0.01,0.3,51,-0.39020878732323483,1
-0.18,0.01,0.3,52,-0.3969243884042174,1
-0.18,0.01,0.3,53,-0.4062062737569348,1
-0.18,0.01,0.3,54,-0.40374974812127506,1
-0.18,0.01,0.3,55,-0.4038730545459153,1
-0.18,0.01,0.3,56,-0.39258958038216946,1
-0.18,0.01,0.3,57,-0.3948693706582334,1
-0.18,0.01,0.3,58,-0.40580403779035645,1
-0.18,0.01,0.3,59,-0.3983285079721724,1
-0.18,0.03,0.02,0,-0.4048104845900029,1
-0.18,0.03,0.02,1,-0.40837721137434174,1
-0.18,0.03,0.02,2,-0.40539633972464495,1
-0.18,0.03,0.02,3,-0.40540921566900046,1
-0.18,0.03,0.02,4,-0.40518672299983843,1
-0.18,0.03,0.02,5,-0.40663647556387705,1
-0.18,0.03,0.02,6,-0.40801500563713355,1
-0.18,0.03,0.02,7,-0.4081494299470229,1
-0.18,0.03,0.02,8,-0.40762844045236724,1
-0.18,0.03,0.02,9,-0.40430791762249335,1
-0.18,0.03,0.02,10,-0.40777585728624166,1
-0.18,0.03,0.02,11,-0.4067557607594653,1
-0.18,0.03,0.02,12,-0.4060331260663174,1
-0.18,0.03,0.02,13,-0.407168345658361,1
-0.18,0.03,0.02,14,-0.4056472878338759,1
-0.18,0.03,0.02,15,-0.4056554526082309,1
-0.18,0.03,0.02,16,-0.4068057813122354,1
-0.18,0.03,0.02,17,-0.4049084440350399,1
-0.18,0.03,0.02,18,-0.4041282722830222,1
-0.18,0.03,0.02,19,-0.40626815490782586,1
-0.18,0.03,0.02,20,-0.405419446542842,1
-0.18,0.03,0.02,21,-0.40153790297022796,1
-0.18,0.03,0.02,22,-0.40654433492922265,1
-0.18,0.03,0.02,23,-0.4061754016273765,1
-0.18,0.03,0.02,24,-0.4068663836237969,1
-0.18,0.03,0.02,25,-0.4039276243231837,1
-0.18,0.03,0.02,26,-0.4073581764434592,1
-0.18,0.03,0.02,27,-0.40776728588527045,1
-0.18,0.03,0.02,28,-0.40779864479355954,1
-0.18,0.03,0.02,29,-0.40273333898682956,1
-0.18,0.03,0.02,30,-0.40696424090076816,1
-0.18,0.03,0.02,31,-0.4066000647199,1
-0.18,0.03,0.02,32,-0.40840398605609124,1
-0.18,0.03,0.02,33,-0.40744622182452384,1
-0.18,0.03,0.02,34,-0.40800894217768646,1
-0.18,0.03,0.02,35,-0.40755925304787183,1
-0.18,0.03,0.02,36,-0.4021619626814954,1
-0.18,0.03,0.02,37,-0.4070535373400726,1
-0.18,0.03,0.02,38,-0.4046363733831034,1
-0.18,0.03,0.02,39,-0.4028041757234866,1
-0.18,0.03,0.02,40,-0.4024590847247734,1
-0.18,0.03,0.02,41,-0.40685823998805637,1
-0.18,0.03,0.02,42,-0.40579217134274187,1
-0.18,0.03,0.02,43,-0.4003801810612052,1
-0.18,0.03,0.02,44,-0.4070903833820485,1
-0.18,0.03,0.02,45,-0.4031626521356547,1
-0.18,0.03,0.02,46,-0.40517660651894183,1
-0.18,0.03,0.02,47,-0.4042683506786437,1
-0.18,0.03,0.02,48,-0.40694062289775146,1
-0.18,0.03,0.02,49,-0.40457053898805384,1
-0.18,0.03,0.02,50,-0.40757686868387244,1
-0.18,0.03,0.02,51,-0.3965138303537275,1
-0.18,0.03,0.02,52,-0.4082366747390375,1
-0.18,0.03,0.02,53,-0.4070779590817346,1
-0.18,0.03,0.02,54,-0.40831834740875733,1
-0.18,0.03,0.02,55,-0.40376062147341574,1
-0.18,0.03,0.02,56,-0.40813824455574865,1
-0.18,0.03,0.02,57,-0.4083006732033102,1
-0.18,0.03,0.02,58,-0.40721055351630037,1
-0.18,0.03,0.02,59,-0.40759659169971374,1
-0.18,0.03,0.1,0,-0.40562424903818367,1
-0.18,0.03,0.1,1,-0.4080281200169458,1
-0.18,0.03,0.1,2,-0.40097707929172666,1
-0.18,0.03,0.1,3,-0.4077740824320122,1
-0.18,0.03,0.1,4,-0.4053297949169365,1
-0.18,0.03,0.1,5,-0.4079785539046218,1
-0.18,0.03,0.1,6,-0.40584520318699846,1
-0.18,0.03,0.1,7,-0.4067749951753553,1
-0.18,0.03,0.1,8,-0.4076135004454238,1
-0.18,0.03,0.1,9,-0.4037115281644708,1
-0.18,0.03,0.1,10,-0.4081293305803312,1
-0.18,0.03,0.1,11,-0.4079128781147059,1
-0.18,0.03,0.1,12,-0.4051567240120501,1
-0.18,0.03,0.1,13,-0.4081814923594182,1
-0.18,0.03,0.1,14,-0.40699941967921516,1
-0.18,0.03,0.1,15,-0.4058916141976161,1
-0.18,0.03,0.1,16,-0.4042365598471441,1
-0.18,0.03,0.1,17,-0.4069659300432344,1
-0.18,0.03,0.1,18,-0.4069101944418221,1
-0.18,0.03,0.1,19,-0.4073241131662824,1
-0.18,0.03,0.1,20,-0.4067780008616065,1
-0.18,0.03,0.1,21,-0.40812217512064,1
-0.18,0.03,0.1,22,-0.4081828000722426,1
-0.18,0.03,0.1,23,-0.40730403271774257,1
-0.18,0.03,0.1,24,-0.4028776760963678,1
-0.18,0.03,0.1,25,-0.40015720707949337,1
-0.18,0.03,0.1,26,-0.4083774387922852,1
-0.18,0.03,0.1,27,-0.40813785711197764,1
-0.18,0.03,0.1,28,-0.39176739030675245,1
-0.18,0.03,0.1,29,-0.403953338516418,1
-0.18,0.03,0.1,30,-0.3984655967139103,1
-0.18,0.03,0.1,31,-0.40820700563959594,1
-0.18,0.03,0.1,32,-0.40363379825341145,1
-0.18,0.03,0.1,33,-0.40788024095887104,1
-0.18,0.03,0.1,34,-0.4041556495352057,1
-0.18,0.03,0.1,35,-0.40578519525703155,1
-0.18,0.03,0.1,36,-0.4062942679575753,1
-0.18,0.03,0.1,37,-0.40643113472664605,1
-0.18,0.03,0.1,38,-0.4079776157950002,1
-0.18,0.03,0.1,39,-0.40574023874662696,1
-0.18,0.03,0.1,40,-0.40819030486450286,1
-0.18,0.03,0.1,41,-0.4067310802469504,1
-0.18,0.03,0.1,42,-0.40402018353801594,1
-0.18,0.03,0.1,43,-0.40809059202443665,1
-0.18,0.03,0.1,44,-0.4073773763441439,1
-0.18,0.03,0.1,45,-0.40665339962432656,1
-0.18,0.03,0.1,46,-0.4025036972522481,1
-0.18,0.03,0.1,47,-0.40070603656850756,1
-0.18,0.03,0.1,48,-0.4077296142909931,1
-0.18,0.03,0.1,49,-0.40704016048718183,1
-0.18,0.03,0.1,50,-0.403725568306068,1
-0.18,0.03,0.1,51,-0.40254974284455974,1
-0.18,0.03,0.1,52,-0.40756278287104686,1
-0.18,0.03,0.1,53,-0.40769407160592,1
-0.18,0.03,0.1,54,-0.40773508287917143,1
-0.18,0.03,0.1,55,-0.40350160199640855,1
-0.18,0.03,0.1,56,-0.4064078814359709,1
-0.18,0.03,0.1,57,-0.4075642288419715,1
-0.18,0.03,0.1,58,-0.4056046721971512,1
-0.18,0.03,0.1,59,-0.4038504513843337,1
-0.18,0.03,0.3,0,-0.4003308392580976,1
-0.18,0.03,0.3,1,-0.40586592519670855,1
-0.18,0.03,0.3,2,-0.4066872035924938,1
-0.18,0.03,0.3,3,-0.4008773373387333,1
-0.18,0.03,0.3,4,-0.4061040334411678,1
-0.18,0.03,0.3,5,-0.40752175089210085,1
-0.18,0.03,0.3,6,-0.4059217663973067,1
-0.18,0.03,0.3,7,-0.40719459177845324,1
-0.18,0.03,0.3,8,-0.4026162364343777,1
-0.18,0.03,0.3,9,-0.4068578715840555,1
-0.18,0.03,0.3,10,-0.407823818911337,1
-0.18,0.03,0.3,11,-0.4083980412977533,1
-0.18,0.03,0.3,12,-0.4076697426855822,1
-0.18,0.03,0.3,13,-0.40692175311453915,1
-0.18,0.03,0.3,14,-0.4076494733122954,1
-0.18,0.03,0.3,15,-0.40671561494421204,1
-0.18,0.03,0.3,16,-0.40555192704914106,1
-0.18,0.03,0.3,17,-0.4061837775783086,1
-0.18,0.03,0.3,18,-0.40830410092243286,1
-0.18,0.03,0.3,19,-0.40803520719286723,1
-0.18,0.03,0.3,20,-0.4058634280287661,1
-0.18,0.03,0.3,21,-0.4081669166577119,1
-0.18,0.03,0.3,22,-0.40841136063148964,1
-0.18,0.03,0.3,23,-0.4076264987899484,1
-0.18,0.03,0.3,24,-0.40769457792960967,1
-0.18,0.03,0.3,25,-0.3902084698088835,1
-0.18,0.03,0.3,26,-0.40052195266505103,1
-0.18,0.03,0.3,27,-0.4022585517295247,1
-0.18,0.03,0.3,28,-0.40822895433262135,1
-0.18,0.03,0.3,29,-0.4065604064069388,1
-0.18,0.03,0.3,30,-0.4081696100657542,1
-0.18,0.03,0.3,31,-0.40539664353800436,1
-0.18,0.03,0.3,32,-0.4056004901717551,1
-0.18,0.03,0.3,33,-0.4083065740766355,1
-0.18,0.03,0.3,34,-0.4076166847302219,1
-0.18,0.03,0.3,35,-0.40644282217744393,1
-0.18,0.03,0.3,36,-0.40841757184937943,1
-0.18,0.03,0.3,37,-0.40734943637666055,1
-0.18,0.03,0.3,38,-0.40777565088723927,1
-0.18,0.03,0.3,39,-0.4076038346209043,1
-0.18,0.03,0.3,40,-0.4084253476568486,1
-0.18,0.03,0.3,41,-0.40252385122635076,1
-0.18,0.03,0.3,42,-0.407701339327728,1
-0.18,0.03,0.3,43,-0.4006099450821191,1
-0.18,0.03,0.3,44,-0.40436470831811344,1
-0.18,0.03,0.3,45,-0.3936497264689888,1
-0.18,0.03,0.3,46,-0.4076304158419867,1
-0.18,0.03,0.3,47,-0.4072918557751105,1
-0.18,0.03,0.3,48,-0.403284257567525,1
-0.18,0.03,0.3,49,-0.4072269722518065,1
-0.18,0.03,0.3,50,-0.4051273135409023,1
-0.18,0.03,0.3,51,-0.4065162373912911,1
-0.18,0.03,0.3,52,-0.4060036888756553,1
-0.18,0.03,0.3,53,-0.4081620901051844,1
-0.18,0.03,0.3,54,-0.4069039621354264,1
-0.18,0.03,0.3,55,-0.4081369048684222,1
-0.18,0.03,0.3,56,-0.40679028119635646,1
-0.18,0.03,0.3,57,-0.40842353056460273,1
-0.18,0.03,0.3,58,-0.407727796269447,1
-0.18,0.03,0.3,59,-0.40787687131381023,1
-0.18,0.05,0.02,0,-0.4080435194909754,1
-0.18,0.05,0.02,1,-0.4079796305376816,1
-0.18,0.05,0.02,2,-0.401082607140911,1
-0.18,0.05,0.02,3,-0.40236870592932356,1
-0.18,0.05,0.02,4,-0.40721377374670664,1
-0.18,0.05,0.02,5,-0.40800976151046797,1
-0.18,0.05,0.02,6,-0.40515635938127803,1
-0.18,0.05,0.02,7,-0.4021612976300394,1
-0.18,0.05,0.02,8,-0.4061338905704759,1
-0.18,0.05,0.02,9,-0.4030774519069676,1
-0.18,0.05,0.02,10,-0.3907050754238128,1
-0.18,0.05,0.02,11,-0.40770996161555817,1
-0.18,0.05,0.02,12,-0.40678409879072114,1
-0.18,0.05,0.02,13,-0.408049778896611,1
-0.18,0.05,0.02,14,-0.40531998748019404,1
-0.18,0.05,0.02,15,-0.40361844787000145,1
-0.18,0.05,0.02,16,-0.40730199341549644,1
-0.18,0.05,0.02,17,-0.4064394754512737,1
-0.18,0.05,0.02,18,-0.4080195188428771,1
-0.18,0.05,0.02,19,-0.4058021735999142,1
-0.18,0.05,0.02,20,-0.40483598335218185,1
-0.18,0.05,0.02,21,-0.402975760146762,1
-0.18,0.05,0.02,22,-0.4032487155063416,1
-0.18,0.05,0.02,23,-0.40648985019500455,1
-0.18,0.05,0.02,24,-0.4066795912845704,1
-0.18,0.05,0.02,25,-0.4083706461742873,1
-0.18,0.05,0.02,26,-0.40605325694084465,1
-0.18,0.05,0.02,27,-0.39862897883856935,1
-0.18,0.05,0.02,28,-0.4068793610015632,1
-0.18,0.05,0.02,29,-0.40720537346575286,1
-0.18,0.05,0.02,30,-0.4041148502891061,1
-0.18,0.05,0.02,31,-0.40437935309201917,1
-0.18,0.05,0.02,32,-0.40658133460682605,1
-0.18,0.05,0.02,33,-0.4078965180135564,1
-0.18,0.05,0.02,34,-0.40701580296692513,1
-0.18,0.05,0.02,35,-0.4056163362275248,1
-0.18,0.05,0.02,36,-0.40738626328581895,1
-0.18,0.05,0.02,37,-0.4060259753511653,1
-0.18,0.05,0.02,38,-0.4080224974284276,1
-0.18,0.05,0.02,39,-0.39747645228321504,1
-0.18,0.05,0.02,40,-0.40544553607024325,1
-0.18,0.05,0.02,41,-0.40378794185005124,1
-0.18,0.05,0.02,42,-0.40383037550701933,1
-0.18,0.05,0.02,43,-0.40825646937032023,1
-0.18,0.05,0.02,44,-0.4073087139163479,1
-0.18,0.05,0.02,45,-0.4058350702733594,1
-0.18,0.05,0.02,46,-0.40634542752308095,1
-0.18,0.05,0.02,47,-0.40053556381342337,1
-0.18,0.05,0.02,48,-0.40602853484798745,1
-0.18,0.05,0.02,49,-0.403207564985107,1
-0.18,0.05,0.02,50,-0.4012978131212862,1
-0.18,0.05,0.02,51,-0.4044157285559953,1
-0.18,0.05,0.02,52,-0.4072527186989292,1
-0.18,0.05,0.02,53,-0.40652550940469834,1
-0.18,0.05,0.02,54,-0.4031377280213527,1
-0.18,0.05,0.02,55,-0.40817946214306017,1
-0.18,0.05,0.02,56,-0.4013709553564955,1
-0.18,0.05,0.02,57,-0.40461818450464704,1
-0.18,0.05,0.02,58,-0.4049090954952261,1
-0.18,0.05,0.02,59,-0.3976888999318202,1
-0.18,0.05,0.1,0,-0.40313438666895746,1
-0.18,0.05,0.1,1,-0.4020684025998819,1
-0.18,0.05,0.1,2,-0.40527321877814404,1
-0.18,0.05,0.1,3,-0.4069485259482603,1
-0.18,0.05,0.1,4,-0.4020884550855433,1
-0.18,0.05,0.1,5,-0.40784513605576594,1
-0.18,0.05,0.1,6,-0.4039588320423069,1
-0.18,0.05,0.1,7,-0.4082977716419882,1
-0.18,0.05,0.1,8,-0.4069993942528522,1
-0.18,0.05,0.1,9,-0.40487268881971344,1
-0.18,0.05,0.1,10,-0.4064623632971851,1
-0.18,0.05,0.1,11,-0.40479208758116764,1
-0.18,0.05,0.1,12,-0.40804973812161005,1
-0.18,0.05,0.1,13,-0.40396566014232016,1
-0.18,0.05,0.1,14,-0.4059308405607198,1
-0.18,0.05,0.1,15,-0.40630491250838446,1
-0.18,0.05,0.1,16,-0.40785440319748356,1
-0.18,0.05,0.1,17,-0.4061807258046804,1
-0.18,0.05,0.1,18,-0.40786530771577517,1
-0.18,0.05,0.1,19,-0.40586242464054295,1
-0.18,0.05,0.1,20,-0.3929038040651344,1
-0.18,0.05,0.1,21,-0.40750403360264287,1
-0.18,0.05,0.1,22,-0.4044347465819213,1
-0.18,0.05,0.1,23,-0.4069589025392324,1
-0.18,0.05,0.1,24,-0.40595657565695725,1
-0.18,0.05,0.1,25,-0.40438013508186166,1
-0.18,0.05,0.1,26,-0.4042518621984951,1
-0.18,0.05,0.1,27,-0.4043793016848101,1
-0.18,0.05,0.1,28,-0.40141116896215234,1
-0.18,0.05,0.1,29,-0.4071468611609065,1
-0.18,0.05,0.1,30,-0.407695684758799,1
-0.18,0.05,0.1,31,-0.40702537296850966,1
-0.18,0.05,0.1,32,-0.40778447053229666,1
-0.18,0.05,0.1,33,-0.4050674780061672,1
-0.18,0.05,0.1,34,-0.4035850073452188,1
-0.18,0.05,0.1,35,-0.4068065123486018,1
-0.18,0.05,0.1,36,-0.40454806277102884,1
-0.18,0.05,0.1,37,-0.4055770597882082,1
-0.18,0.05,0.1,38,-0.4081727731425009,1
-0.18,0.05,0.1,39,-0.40514751237327223,1
-0.18,0.05,0.1,40,-0.406690490723349,1
-0.18,0.05,0.1,41,-0.4059619017765759,1
-0.18,0.05,0.1,42,-0.4077406965174746,1
-0.18,0.05,0.1,43,-0.40690335378160064,1
-0.18,0.05,0.1,44,-0.4013516307383445,1
-0.18,0.05,0.1,45,-0.4073476394137256,1
-0.18,0.05,0.1,46,-0.40464093158215525,1
-0.18,0.05,0.1,47,-0.4045288110901095,1
-0.18,0.05,0.1,48,-0.40730255186591147,1
-0.18,0.05,0.1,49,-0.4075077590128293,1
-0.18,0.05,0.1,50,-0.4022308407482667,1
-0.18,0.05,0.1,51,-0.40541184932696583,1
-0.18,0.05,0.1,52,-0.40464086363112434,1
-0.18,0.05,0.1,53,-0.39899650300601697,1
-0.18,0.05,0.1,54,-0.4040390191465667,1
-0.18,0.05,0.1,55,-0.4048387838016138,1
-0.18,0.05,0.1,56,-0.40842216827666317,1
-0.18,0.05,0.1,57,-0.40388018423399885,1
-0.18,0.05,0.1,58,-0.4083358327884148,1
-0.18,0.05,0.1,59,-0.40186067380252083,1
-0.18,0.05,0.3,0,-0.40327410562690724,1
-0.18,0.05,0.3,1,-0.4067383971936947,1
-0.18,0.05,0.3,2,-0.4074897232225402,1
-0.18,0.05,0.3,3,-0.4081864218427205,1
-0.18,0.05,0.3,4,-0.4081676108414784,1
-0.18,0.05,0.3,5,-0.40604669922252656,1
-0.18,0.05,0.3,6,-0.4017634204030083,1
-0.18,0.05,0.3,7,-0.4071931200025241,1
-0.18,0.05,0.3,8,-0.4006343939979939,1
-0.18,0.05,0.3,9,-0.4082660242247989,1
-0.18,0.05,0.3,10,-0.4071988914079054,1
-0.18,0.05,0.3,11,-0.3835766624439868,1
-0.18,0.05,0.3,12,-0.4054586300466451,1
-0.18,0.05,0.3,13,-0.40498156532632656,1
-0.18,0.05,0.3,14,-0.4032255547336204,1
-0.18,0.05,0.3,15,-0.3835766624439868,1
-0.18,0.05,0.3,16,-0.40489090319143406,1
-0.18,0.05,0.3,17,-0.40784535851460274,1
-0.18,0.05,0.3,18,-0.4050739946165594,1
-0.18,0.05,0.3,19,-0.40719533244646366,1
-0.18,0.05,0.3,20,-0.3983416164540472,1
-0.18,0.05,0.3,21,-0.40731386810431075,1
-0.18,0.05,0.3,22,-0.39942291744433944,1
-0.18,0.05,0.3,23,-0.40539672852950115,1
-0.18,0.05,0.3,24,-0.3933942866638429,1
-0.18,0.05,0.3,25,-0.40138957997429814,1
-0.18,0.05,0.3,26,-0.4004303489734528,1
-0.18,0.05,0.3,27,-0.3977384808346395,1
-0.18,0.05,0.3,28,-0.40670036435594153,1
-0.18,0.05,0.3,29,-0.40208844799759574,1
-0.18,0.05,0.3,30,-0.4059093192172272,1
-0.18,0.05,0.3,31,-0.40480681218386155,1
-0.18,0.05,0.3,32,-0.4038260252949725,1
-0.18,0.05,0.3,33,-0.4025386295375462,1
-0.18,0.05,0.3,34,-0.40148282993208045,1
-0.18,0.05,0.3,35,-0.40309200502394094,1
-0.18,0.05,0.3,36,-0.40403566352593456,1
-0.18,0.05,0.3,37,-0.4031357888312433,1
-0.18,0.05,0.3,38,-0.40072251135334663,1
-0.18,0.05,0.3,39,-0.40468957762058866,1
-0.18,0.05,0.3,40,-0.40762220693919843,1
-0.18,0.05,0.3,41,-0.4077496260901599,1
-0.18,0.05,0.3,42,-0.4015394418993496,1
-0.18,0.05,0.3,43,-0.4024077944932687,1
-0.18,0.05,0.3,44,-0.40736292879497243,1
-0.18,0.05,0.3,45,-0.4081061372146327,1
-0.18,0.05,0.3,46,-0.40344488029510867,1
-0.18,0.05,0.3,47,-0.40658993760083123,1
-0.18,0.05,0.3,48,-0.40524467229622374,1
-0.18,0.05,0.3,49,-0.40177937937198677,1
-0.18,0.05,0.3,50,-0.3978024099184069,1
-0.18,0.05,0.3,51,-0.40233524189218395,1
-0.18,0.05,0.3,52,-0.4052209940087918,1
-0.18,0.05,0.3,53,-0.40823796735936024,1
-0.18,0.05,0.3,54,-0.40027378089333876,1
-0.18,0.05,0.3,55,-0.4066380566036604,1
-0.18,0.05,0.3,56,-0.40596055569128425,1
-0.18,0.05,0.3,57,-0.40809099051211684,1
-0.18,0.05,0.3,58,-0.40060344292204764,1
-0.18,0.05,0.3,59,-0.40661773259006423,1
-0.17,0.01,0.02,0,-0.39848457623658207,1
-0.17,0.01,0.02,1,-0.40340288501709987,1
-0.17,0.01,0.02,2,-0.3994878770430604,1
-0.17,0.01,0.02,3,-0.39145803610924157,1
-0.17,0.01,0.02,4,-0.39575440287755626,1
-0.17,0.01,0.02,5,-0.39641151197944124,1
-0.17,0.01,0.02,6,-0.401350394504956,1
-0.17,0.01,0.02,7,-0.4077811727721878,1
-0.17,0.01,0.02,8,-0.3970144159729178,1
-0.17,0.01,0.02,9,-0.39055499474233746,1
-0.17,0.01,0.02,10,-0.4074009980572206,1
-0.17,0.01,0.02,11,-0.39925128519033026,1
-0.17,0.01,0.02,12,-0.3989238397428025,1
-0.17,0.01,0.02,13,-0.4050112261354985,1
-0.17,0.01,0.02,14,-0.4027708889256863,1
-0.17,0.01,0.02,15,-0.3956791352058269,1
-0.17,0.01,0.02,16,-0.39205117268867684,1
-0.17,0.01,0.02,17,-0.3937005633414124,1
-0.17,0.01,0.02,18,-0.4004107884318371,1
-0.17,0.01,0.02,19,-0.3961746569768306,1
-0.17,0.01,0.02,20,-0.3912852949021076,1
-0.17,0.01,0.02,21,-0.40304145483172177,1
-0.17,0.01,0.02,22,-0.39493982410093464,1
-0.17,0.01,0.02,23,-0.40410775365266355,1
-0.17,0.01,0.02,24,-0.3940212417084874,1
-0.17,0.01,0.02,25,-0.3854847462752733,1
-0.17,0.01,0.02,26,-0.3899260236227352,1
-0.17,0.01,0.02,27,-0.3965347877652551,1
-0.17,0.01,0.02,28,-0.39593255528023685,1
-0.17,0.01,0.02,29,-0.3986848717762431,1
-0.17,0.01,0.02,30,-0.3930801597026571,1
-0.17,0.01,0.02,31,-0.39059821195333405,1
-0.17,0.01,0.02,32,-0.39725423473334526,1
-0.17,0.01,0.02,33,-0.3990474993333472,1
-0.17,0.01,0.02,34,-0.4031012797925706,1
-0.17,0.01,0.02,35,-0.3927227328919846,1
-0.17,0.01,0.02,36,-0.3994124635737662,1
-0.17,0.01,0.02,37,-0.4009761862018772,1
-0.17,0.01,0.02,38,-0.3929028829655183,1
-0.17,0.01,0.02,39,-0.3958860727181355,1
-0.17,0.01,0.02,40,-0.39834288651524136,1
-0.17,0.01,0.02,41,-0.4010278530363824,1
-0.17,0.01,0.02,42,-0.4046578620962655,1
-0.17,0.01,0.02,43,-0.40197987295661564,1
-0.17,0.01,0.02,44,-0.3958391100107412,1
-0.17,0.01,0.02,45,-0.39563466991562835,1
-0.17,0.01,0.02,46,-0.39385319396029883,1
-0.17,0.01,0.02,47,-0.3904674918381078,1
-0.17,0.01,0.02,48,-0.3954682481937045,1
-0.17,0.01,0.02,49,-0.4003504182609109,1
-0.17,0.01,0.02,50,-0.40212568801182436,1
-0.17,0.01,0.02,51,-0.3965379380941077,1
-0.17,0.01,0.02,52,-0.3973664820656212,1
-0.17,0.01,0.02,53,-0.3949608914701727,1
-0.17,0.01,0.02,54,-0.3950156812961821,1
-0.17,0.01,0.02,55,-0.39560948132024454,1
-0.17,0.01,0.02,56,-0.3951863505166161,1
-0.17,0.01,0.02,57,-0.4001453710490165,1
-0.17,0.01,0.02,58,-0.3944905785350869,1
-0.17,0.01,0.02,59,-0.4049201511113385,1
-0.17,0.01,0.1,0,-0.37905937559518704,1
-0.17,0.01,0.1,1,-0.39143577748371056,1
-0.17,0.01,0.1,2,-0.3802455938729835,1
-0.17,0.01,0.1,3,-0.3921303009301524,1
-0.17,0.01,0.1,4,-0.4071658126329301,1
-0.17,0.01,0.1,5,-0.391336143640675,1
-0.17,0.01,0.1,6,-0.3990190944506034,1
-0.17,0.01,0.1,7,-0.4045590604556009,1
-0.17,0.01,0.1,8,-0.38468934723409876,1
-0.17,0.01,0.1,9,-0.3869318649872283,1
-0.17,0.01,0.1,10,-0.3889177183326371,1
-0.17,0.01,0.1,11,-0.4023926449579302,1
-0.17,0.01,0.1,12,-0.4018527453406625,1
-0.17,0.01,0.1,13,-0.3857389309481089,1
-0.17,0.01,0.1,14,-0.38863241055561254,1
-0.17,0.01,0.1,15,-0.39101309076076046,1
-0.17,0.01,0.1,16,-0.397613372590762,1
-0.17,0.01,0.1,17,-0.37973076897999875,1
-0.17,0.01,0.1,18,-0.3935446455217816,1
-0.17,0.01,0.1,19,-0.39741169883456795,1
-0.17,0.01,0.1,20,-0.3896766537855235,1
-0.17,0.01,0.1,21,-0.396336807192777,1
-0.17,0.01,0.1,22,-0.40123344805866823,1
-0.17,0.01,0.1,23,-0.4070779511925373,1
-0.17,0.01,0.1,24,-0.40453634259413834,1
-0.17,0.01,0.1,25,-0.3870770230409215,1
-0.17,0.01,0.1,26,-0.4007511038385936,1
-0.17,0.01,0.1,27,-0.401071097285442,1
-0.17,0.01,0.1,28,-0.3984232105806175,1
-0.17,0.01,0.1,29,-0.3800442051289782,1
-0.17,0.01,0.1,30,-0.39111526436030736,1
-0.17,0.01,0.1,31,-0.3827413226422564,1
-0.17,0.01,0.1,32,-0.3927683864963101,1
-0.17,0.01,0.1,33,-0.3806347835524626,1
-0.17,0.01,0.1,34,-0.3915322749120341,1
-0.17,0.01,0.1,35,-0.40739348714450835,1
-0.17,0.01,0.1,36,-0.40012161044415545,1
-0.17,0.01,0.1,37,-0.39289243596975987,1
-0.17,0.01,0.1,38,-0.40304247138664395,1
-0.17,0.01,0.1,39,-0.38471381905837115,1
-0.17,0.01,0.1,40,-0.3999981337077844,1
-0.17,0.01,0.1,41,-0.38722990979783495,1
-0.17,0.01,0.1,42,-0.4025406914499279,1
-0.17,0.01,0.1,43,-0.3761396186142112,1
-0.17,0.01,0.1,44,-0.400352440198378,1
-0.17,0.01,0.1,45,-0.39112754999020166,1
-0.17,0.01,0.1,46,-0.3990852486829525,1
-0.17,0.01,0.1,47,-0.4039439389018446,1
-0.17,0.01,0.1,48,-0.3857457704495502,1
-0.17,0.01,0.1,49,-0.38989403725516547,1
-0.17,0.01,0.1,50,-0.3992896028715913,1
-0.17,0.01,0.1,51,-0.4031387953427819,1
-0.17,0.01,0.1,52,-0.3826865509991491,1
-0.17,0.01,0.1,53,-0.4081740562985322,1
-0.17,0.01,0.1,54,-0.4033559398372384,1
-0.17,0.01,0.1,55,-0.3868114704481728,1
-0.17,0.01,0.1,56,-0.39712551584141714,1
-0.17,0.01,0.1,57,-0.38762415741009004,1
-0.17,0.01,0.1,58,-0.389850663491277,1
-0.17,0.01,0.1,59,-0.3927957472213145,1
-0.17,0.01,0.3,0,-0.39059935729882805,1
-0.17,0.01,0.3,1,-0.38096152520343907,1
-0.17,0.01,0.3,2,-0.37905594827251604,1
-0.17,0.01,0.3,3,-0.3862531125260404,1
-0.17,0.01,0.3,4,-0.3965148529083757,1
-0.17,0.01,0.3,5,-0.38395466006519835,1
-0.17,0.01,0.3,6,-0.39716834716557464,1
-0.17,0.01,0.3,7,-0.3870714439904884,1
-0.17,0.01,0.3,8,-0.3956681906859939,1
-0.17,0.01,0.3,9,-0.377737939253324,1
-0.17,0.01,0.3,10,-0.3740638959166574,1
-0.17,0.01,0.3,11,-0.3881358175298624,1
-0.17,0.01,0.3,12,-0.3884293071839228,1
-0.17,0.01,0.3,13,-0.3795000127334627,1
-0.17,0.01,0.3,14,-0.38568117802551927,1
-0.17,0.01,0.3,15,-0.38804456902700374,1
-0.17,0.01,0.3,16,-0.3999116140569998,1
-0.17,0.01,0.3,17,-0.38834351431516945,1
-0.17,0.01,0.3,18,-0.3789112973604964,1
-0.17,0.01,0.3,19,-0.3896352720116878,1
-0.17,0.01,0.3,20,-0.3799611818263314,1
-0.17,0.01,0.3,21,-0.39762308848685063,1
-0.17,0.01,0.3,22,-0.3887298977855489,1
-0.17,0.01,0.3,23,-0.39138983495253743,1
-0.17,0.01,0.3,24,-0.3866306593772858,1
-0.17,0.01,0.3,25,-0.38293900371089784,1
-0.17,0.01,0.3,26,-0.3960085777564091,1
-0.17,0.01,0.3,27,-0.38132861230974346,1
-0.17,0.01,0.3,28,-0.3891945863003455,1
-0.17,0.01,0.3,29,-0.3940697213206566,1
-0.17,0.01,0.3,30,-0.4032202162445807,1
-0.17,0.01,0.3,31,-0.3957626775254108,1
-0.17,0.01,0.3,32,-0.38888126369488674,1
-0.17,0.01,0.3,33,-0.4025684411195645,1
-0.17,0.01,0.3,34,-0.3810105985635753,1
-0.17,0.01,0.3,35,-0.38636749276984056,1
-0.17,0.01,0.3,36,-0.38257291216487266,1
-0.17,0.01,0.3,37,-0.39412534760660567,1
-0.17,0.01,0.3,38,-0.39012510714865545,1
-0.17,0.01,0.3,39,-0.3755316130585876,1
-0.17,0.01,0.3,40,-0.3992998762288867,1
-0.17,0.01,0.3,41,-0.39350158721195977,1
-0.17,0.01,0.3,42,-0.39246233196221786,1
-0.17,0.01,0.3,43,-0.3956608344142993,1
-0.17,0.01,0.3,44,-0.3743549766788216,1
-0.17,0.01,0.3,45,-0.38847050635940755,1
-0.17,0.01,0.3,46,-0.38353310262287027,1
-0.17,0.01,0.3,47,-0.38090109938339933,1
-0.17,0.01,0.3,48,-0.390915194953149,1
-0.17,0.01,0.3,49,-0.3860551813880092,1
-0.17,0.01,0.3,50,-0.38958435902915645,1
-0.17,0.01,0.3,51,-0.3977414333879392,1
-0.17,0.01,0.3,52,-0.39782380101650533,1
-0.17,0.01,0.3,53,-0.38848101363151333,1
-0.17,0.01,0.3,54,-0.39745170653878065,1
-0.17,0.01,0.3,55,-0.3825355986526492,1
-0.17,0.01,0.3,56,-0.39420108249928776,1
-0.17,0.01,0.3,57,-0.3895772123224247,1
-0.17,0.01,0.3,58,-0.39686571251823427,1
-0.17,0.01,0.3,59,-0.38258458616456104,1
-0.17,0.03,0.02,0,-0.40699609547304205,1
-0.17,0.03,0.02,1,-0.40310207666018993,1
-0.17,0.03,0.02,2,-0.4040614419222712,1
-0.17,0.03,0.02,3,-0.4030902690816633,1
-0.17,0.03,0.02,4,-0.4082306616692586,1
-0.17,0.03,0.02,5,-0.4068843908821947,1
-0.17,0.03,0.02,6,-0.4079416060837081,1
-0.17,0.03,0.02,7,-0.40802789375317905,1
-0.17,0.03,0.02,8,-0.4041275093401699,1
-0.17,0.03,0.02,9,-0.4026142088847281,1
-0.17,0.03,0.02,10,-0.4080835419961151,1
-0.17,0.03,0.02,11,-0.4072723093790229,1
-0.17,0.03,0.02,12,-0.403902479980052,1
-0.17,0.03,0.02,13,-0.39745271348001354,1
-0.17,0.03,0.02,14,-0.40215368142322894,1
-0.17,0.03,0.02,15,-0.4057182967670308,1
-0.17,0.03,0.02,16,-0.40722572485506087,1
-0.17,0.03,0.02,17,-0.4070303815362491,1
-0.17,0.03,0.02,18,-0.40823325985782977,1
-0.17,0.03,0.02,19,-0.40726035320063786,1
-0.17,0.03,0.02,20,-0.4039399313920488,1
-0.17,0.03,0.02,21,-0.40824533513058664,1
-0.17,0.03,0.02,22,-0.4049342346696941,1
-0.17,0.03,0.02,23,-0.4071222326500401,1
-0.17,0.03,0.02,24,-0.4080734239323246,1
-0.17,0.03,0.02,25,-0.4078987708740403,1
-0.17,0.03,0.02,26,-0.405290652987147,1
-0.17,0.03,0.02,27,-0.4073172505558415,1
-0.17,0.03,0.02,28,-0.4032065902601469,1
-0.17,0.03,0.02,29,-0.4071110051126268,1
-0.17,0.03,0.02,30,-0.40395967235867114,1
-0.17,0.03,0.02,31,-0.40741572443921964,1
-0.17,0.03,0.02,32,-0.40629793884236626,1
-0.17,0.03,0.02,33,-0.3978155771503984,1
-0.17,0.03,0.02,34,-0.40671039744966997,1
-0.17,0.03,0.02,35,-0.40835403409066795,1
-0.17,0.03,0.02,36,-0.4073831177253764,1
-0.17,0.03,0.02,37,-0.4069755145293617,1
-0.17,0.03,0.02,38,-0.4033904217755899,1
-0.17,0.03,0.02,39,-0.40830121652312107,1
-0.17,0.03,0.02,40,-0.40557448482641,1
-0.17,0.03,0.02,41,-0.4076873684582344,1
-0.17,0.03,0.02,42,-0.40482180286408836,1
-0.17,0.03,0.02,43,-0.40538797404673643,1
-0.17,0.03,0.02,44,-0.4056000198024301,1
-0.17,0.03,0.02,45,-0.40359960840819564,1
-0.17,0.03,0.02,46,-0.4062273285144485,1
-0.17,0.03,0.02,47,-0.4021451520211887,1
-0.17,0.03,0.02,48,-0.40808638445095935,1
-0.17,0.03,0.02,49,-0.40784468352167796,1
-0.17,0.03,0.02,50,-0.4068629467558733,1
-0.17,0.03,0.02,51,-0.401483194042581,1
-0.17,0.03,0.02,52,-0.40647359490956486,1
-0.17,0.03,0.02,53,-0.4078404737129594,1
-0.17,0.03,0.02,54,-0.40343779525559564,1
-0.17,0.03,0.02,55,-0.40470386445007894,1
-0.17,0.03,0.02,56,-0.4065300964430997,1
-0.17,0.03,0.02,57,-0.4049682410371268,1
-0.17,0.03,0.02,58,-0.40568778662916855,1
-0.17,0.03,0.02,59,-0.4026600506590687,1
-0.17,0.03,0.1,0,-0.4073423086508999,1
-0.17,0.03,0.1,1,-0.40826801200526963,1
-0.17,0.03,0.1,2,-0.4078138708095932,1
-0.17,0.03,0.1,3,-0.4076726184391652,1
-0.17,0.03,0.1,4,-0.40774530730018066,1
-0.17,0.03,0.1,5,-0.4075205724120556,1
-0.17,0.03,0.1,6,-0.40023658796948264,1
-0.17,0.03,0.1,7,-0.4073656268863693,1
-0.17,0.03,0.1,8,-0.4021538752325973,1
-0.17,0.03,0.1,9,-0.40771583905902514,1
-0.17,0.03,0.1,10,-0.4016877327406346,1
-0.17,0.03,0.1,11,-0.4053867443036251,1
-0.17,0.03,0.1,12,-0.38232141158741373,1
-0.17,0.03,0.1,13,-0.4068186247788663,1
-0.17,0.03,0.1,14,-0.4031393421532149,1
-0.17,0.03,0.1,15,-0.4076798396315268,1
-0.17,0.03,0.1,16,-0.40757397597485034,1
-0.17,0.03,0.1,17,-0.40754974803799277,1
-0.17,0.03,0.1,18,-0.40035020638578295,1
-0.17,0.03,0.1,19,-0.40820764691499867,1
-0.17,0.03,0.1,20,-0.3962603692586204,1
-0.17,0.03,0.1,21,-0.40729654239310703,1
-0.17,0.03,0.1,22,-0.3947533963641515,1
-0.17,0.03,0.1,23,-0.40690203531964314,1
-0.17,0.03,0.1,24,-0.4073476233161304,1
-0.17,0.03,0.1,25,-0.4037721969693522,1
-0.17,0.03,0.1,26,-0.40836175764288335,1
-0.17,0.03,0.1,27,-0.40743726101031463,1
-0.17,0.03,0.1,28,-0.40748840520354185,1
-0.17,0.03,0.1,29,-0.4081225031685587,1
-0.17,0.03,0.1,30,-0.4013912715162568,1
-0.17,0.03,0.1,31,-0.40833620855193115,1
-0.17,0.03,0.1,32,-0.4063965272458979,1
-0.17,0.03,0.1,33,-0.40460923120869996,1
-0.17,0.03,0.1,34,-0.40421822676882424,1
-0.17,0.03,0.1,35,-0.402461107163144,1
-0.17,0.03,0.1,36,-0.4045935634603309,1
-0.17,0.03,0.1,37,-0.40199550075632945,1
-0.17,0.03,0.1,38,-0.40785772472513315,1
-0.17,0.03,0.1,39,-0.40841139547993766,1
-0.17,0.03,0.1,40,-0.4076486201361417,1
-0.17,0.03,0.1,41,-0.4003525061058992,1
-0.17,0.03,0.1,42,-0.40782801815712366,1
-0.17,0.03,0.1,43,-0.4071612770609966,1
-0.17,0.03,0.1,44,-0.3997620728157348,1
-0.17,0.03,0.1,45,-0.40284001043296414,1
-0.17,0.03,0.1,46,-0.4060355909754002,1
-0.17,0.03,0.1,47,-0.4075872927339376,1
-0.17,0.03,0.1,48,-0.4081863589312976,1
-0.17,0.03,0.1,49,-0.3999594124159741,1
-0.17,0.03,0.1,50,-0.39907509920483114,1
-0.17,0.03,0.1,51,-0.40312911564613985,1
-0.17,0.03,0.1,52,-0.40744296101553423,1
-0.17,0.03,0.1,53,-0.40485169802873233,1
-0.17,0.03,0.1,54,-0.4059015111598913,1
-0.17,0.03,0.1,55,-0.407203466236233,1
-0.17,0.03,0.1,56,-0.38307028532284043,1
-0.17,0.03,0.1,57,-0.4081132470755285,1
-0.17,0.03,0.1,58,-0.4066780647982228,1
-0.17,0.03,0.1,59,-0.4057948553804581,1
-0.17,0.03,0.3,0,-0.4082712524696342,1
-0.17,0.03,0.3,1,-0.4075548898977807,1
-0.17,0.03,0.3,2,-0.407340004632291,1
-0.17,0.03,0.3,3,-0.40785949504840535,1
-0.17,0.03,0.3,4,-0.40666677075542945,1
-0.17,0.03,0.3,5,-0.4079542410481937,1
-0.17,0.03,0.3,6,-0.4081553679146784,1
-0.17,0.03,0.3,7,-0.40764625807355853,1
-0.17,0.03,0.3,8,-0.4076571692542662,1
-0.17,0.03,0.3,9,-0.40051187256220266,1
-0.17,0.03,0.3,10,-0.4032376809230392,1
-0.17,0.03,0.3,11,-0.40592418541600916,1
-0.17,0.03,0.3,12,-0.40436347553484014,1
-0.17,0.03,0.3,13,-0.4049210091160758,1
-0.17,0.03,0.3,14,-0.37868495522889734,1
-0.17,0.03,0.3,15,-0.40564829028443183,1
-0.17,0.03,0.3,16,-0.4077788267341195,1
-0.17,0.03,0.3,17,-0.4079808606659359,1
-0.17,0.03,0.3,18,-0.4049105637279958,1
-0.17,0.03,0.3,19,-0.407070805517377,1
-0.17,0.03,0.3,20,-0.40813712936181024,1
-0.17,0.03,0.3,21,-0.40497718718701214,1
-0.17,0.03,0.3,22,-0.4083625816459274,1
-0.17,0.03,0.3,23,-0.4024939409147363,1
-0.17,0.03,0.3,24,-0.40801953823501974,1
-0.17,0.03,0.3,25,-0.40379076157437543,1
-0.17,0.03,0.3,26,-0.40718558287203444,1
-0.17,0.03,0.3,27,-0.4062822515361345,1
-0.17,0.03,0.3,28,-0.40750815150255565,1
-0.17,0.03,0.3,29,-0.3984867917421752,1
-0.17,0.03,0.3,30,-0.40475909748645544,1
-0.17,0.03,0.3,31,-0.4039474157696593,1
-0.17,0.03,0.3,32,-0.4064338558965022,1
-0.17,0.03,0.3,33,-0.4056593170827519,1
-0.17,0.03,0.3,34,-0.40725712988621543,1
-0.17,0.03,0.3,35,-0.4062031281848371,1
-0.17,0.03,0.3,36,-0.4002760145122537,1
-0.17,0.03,0.3,37,-0.40398527701897025,1
-0.17,0.03,0.3,38,-0.4082444968049114,1
-0.17,0.03,0.3,39,-0.40036218371219706,1
-0.17,0.03,0.3,40,-0.40790255191194447,1
-0.17,0.03,0.3,41,-0.4045681787096858,1
-0.17,0.03,0.3,42,-0.40662940354511745,1
-0.17,0.03,0.3,43,-0.3693068902837558,1
-0.17,0.03,0.3,44,-0.4055941724507781,1
-0.17,0.03,0.3,45,-0.40730700272963194,1
-0.17,0.03,0.3,46,-0.4075640012772721,1
-0.17,0.03,0.3,47,-0.3859828557313499,1
-0.17,0.03,0.3,48,-0.3893125836043663,1
-0.17,0.03,0.3,49,-0.40514046766970935,1
-0.17,0.03,0.3,50,-0.39738877077811596,1
-0.17,0.03,0.3,51,-0.40257685257054543,1
-0.17,0.03,0.3,52,-0.4054228632395938,1
-0.17,0.03,0.3,53,-0.4067860852646959,1
-0.17,0.03,0.3,54,-0.3994336121277032,1
-0.17,0.03,0.3,55,-0.40676831645527906,1
-0.17,0.03,0.3,56,-0.39449972732152033,1
-0.17,0.03,0.3,57,-0.40068937742849436,1
-0.17,0.03,0.3,58,-0.4057820507651717,1
-0.17,0.03,0.3,59,-0.40614077283717726,1
-0.17,0.05,0.02,0,-0.40470020080455926,1
-0.17,0.05,0.02,1,-0.40344866764987936,1
-0.17,0.05,0.02,2,-0.40192638625979704,1
-0.17,0.05,0.02,3,-0.4051494916723033,1
-0.17,0.05,0.02,4,-0.40735877618742966,1
-0.17,0.05,0.02,5,-0.4026083855446517,1
-0.17,0.05,0.02,6,-0.404813470468826,1
-0.17,0.05,0.02,7,-0.4011403700945099,1
-0.17,0.05,0.02,8,-0.40694918001139235,1
-0.17,0.05,0.02,9,-0.40683167309359064,1
-0.17,0.05,0.02,10,-0.4037543640633497,1
-0.17,0.05,0.02,11,-0.38758087739121194,1
-0.17,0.05,0.02,12,-0.40438002620541846,1
-0.17,0.05,0.02,13,-0.40124454909871454,1
-0.17,0.05,0.02,14,-0.4080870776116483,1
-0.17,0.05,0.02,15,-0.40819703481440783,1
-0.17,0.05,0.02,16,-0.3990315725689995,1
-0.17,0.05,0.02,17,-0.4029422242943403,1
-0.17,0.05,0.02,18,-0.4061935076179636,1
-0.17,0.05,0.02,19,-0.4026756826887965,1
-0.17,0.05,0.02,20,-0.40379676842372914,1
-0.17,0.05,0.02,21,-0.40649771257036976,1
-0.17,0.05,0.02,22,-0.4020894879039171,1
-0.17,0.05,0.02,23,-0.40312605362734394,1
-0.17,0.05,0.02,24,-0.4038127418095948,1
-0.17,0.05,0.02,25,-0.40173761391957147,1
-0.17,0.05,0.02,26,-0.4042056453164175,1
-0.17,0.05,0.02,27,-0.4048066416707466,1
-0.17,0.05,0.02,28,-0.4047120059240051,1
-0.17,0.05,0.02,29,-0.4043358831684315,1
-0.17,0.05,0.02,30,-0.40200999214664757,1
-0.17,0.05,0.02,31,-0.3912994752566892,1
-0.17,0.05,0.02,32,-0.40523448603158746,1
-0.17,0.05,0.02,33,-0.40735973958163346,1
-0.17,0.05,0.02,34,-0.4071562407412411,1
-0.17,0.05,0.02,35,-0.4056712630360705,1
-0.17,0.05,0.02,36,-0.40757170320308694,1
-0.17,0.05,0.02,37,-0.40080390202206906,1
-0.17,0.05,0.02,38,-0.40835720331180125,1
-0.17,0.05,0.02,39,-0.4041721137531094,1
-0.17,0.05,0.02,40,-0.4069424324184108,1
-0.17,0.05,0.02,41,-0.4045375832221356,1
-0.17,0.05,0.02,42,-0.40509792104363457,1
-0.17,0.05,0.02,43,-0.4059908084481813,1
-0.17,0.05,0.02,44,-0.4056713253605738,1
-0.17,0.05,0.02,45,-0.40542846188463305,1
-0.17,0.05,0.02,46,-0.40585007630586606,1
-0.17,0.05,0.02,47,-0.3961156150245994,1
-0.17,0.05,0.02,48,-0.402303777608873,1
-0.17,0.05,0.02,49,-0.40638921658783267,1
-0.17,0.05,0.02,50,-0.4065676834188959,1
-0.17,0.05,0.02,51,-0.4072167525660821,1
-0.17,0.05,0.02,52,-0.3967571160524735,1
-0.17,0.05,0.02,53,-0.40722366614994165,1
-0.17,0.05,0.02,54,-0.4078503352930196,1
-0.17,0.05,0.02,55,-0.3993105394429093,1
-0.17,0.05,0.02,56,-0.4077915218259449,1
-0.17,0.05,0.02,57,-0.40421300714094055,1
-0.17,0.05,0.02,58,-0.40571154960171146,1
-0.17,0.05,0.02,59,-0.4049061888006443,1
-0.17,0.05,0.1,0,-0.4055596158561607,1
-0.17,0.05,0.1,1,-0.40744683680025456,1
-0.17,0.05,0.1,2,-0.4079643882966556,1
-0.17,0.05,0.1,3,-0.403372058912841,1
-0.17,0.05,0.1,4,-0.40013090709519583,1
-0.17,0.05,0.1,5,-0.39403351770503875,1
-0.17,0.05,0.1,6,-0.40771843000779856,1
-0.17,0.05,0.1,7,-0.40625514528221784,1
-0.17,0.05,0.1,8,-0.40291287466049486,1
-0.17,0.05,0.1,9,-0.4082043620130717,1
-0.17,0.05,0.1,10,-0.40517160335375985,1
-0.17,0.05,0.1,11,-0.40385580192099413,1
-0.17,0.05,0.1,12,-0.4030736944699526,1
-0.17,0.05,0.1,13,-0.4046756661345557,1
-0.17,0.05,0.1,14,-0.40672898605808855,1
-0.17,0.05,0.1,15,-0.40600116557237914,1
-0.17,0.05,0.1,16,-0.40411280770515595,1
-0.17,0.05,0.1,17,-0.4082299980525655,1
-0.17,0.05,0.1,18,-0.3973620702584029,1
-0.17,0.05,0.1,19,-0.40115995885316447,1
-0.17,0.05,0.1,20,-0.40454243076752555,1
-0.17,0.05,0.1,21,-0.40277910046193754,1
-0.17,0.05,0.1,22,-0.40278033048242395,1
-0.17,0.05,0.1,23,-0.4056015351339494,1
-0.17,0.05,0.1,24,-0.4077671422642724,1
-0.17,0.05,0.1,25,-0.40614643850321963,1
-0.17,0.05,0.1,26,-0.4052298204155298,1
-0.17,0.05,0.1,27,-0.39983998894450773,1
-0.17,0.05,0.1,28,-0.4074120214473732,1
-0.17,0.05,0.1,29,-0.40049766227037165,1
-0.17,0.05,0.1,30,-0.40707655010214766,1
-0.17,0.05,0.1,31,-0.40572180967632726,1
-0.17,0.05,0.1,32,-0.4082518987116924,1
-0.17,0.05,0.1,33,-0.39834509344218827,1
-0.17,0.05,0.1,34,-0.4073310350202764,1
-0.17,0.05,0.1,35,-0.40601596870179013,1
-0.17,0.05,0.1,36,-0.4043978308469185,1
-0.17,0.05,0.1,37,-0.39877562229480956,1
-0.17,0.05,0.1,38,-0.4017576151204442,1
-0.17,0.05,0.1,39,-0.40712000674775917,1
-0.17,0.05,0.1,40,-0.4077150558384649,1
-0.17,0.05,0.1,41,-0.3944649623955627,1
-0.17,0.05,0.1,42,-0.4072987154546818,1
-0.17,0.05,0.1,43,-0.40734059280429574,1
-0.17,0.05,0.1,44,-0.40672528469063807,1
-0.17,0.05,0.1,45,-0.40835054012162314,1
-0.17,0.05,0.1,46,-0.3891412471031833,1
-0.17,0.05,0.1,47,-0.4069669057709624,1
-0.17,0.05,0.1,48,-0.4050483226067355,1
-0.17,0.05,0.1,49,-0.4081494702972507,1
-0.17,0.05,0.1,50,-0.405126868365258,1
-0.17,0.05,0.1,51,-0.4078246155224918,1
-0.17,0.05,0.1,52,-0.40702411341162265,1
-0.17,0.05,0.1,53,-0.40800928724656527,1
-0.17,0.05,0.1,54,-0.4069164735524493,1
-0.17,0.05,0.1,55,-0.4074343381231169,1
-0.17,0.05,0.1,56,-0.39474267057889867,1
-0.17,0.05,0.1,57,-0.40428657471214857,1
-0.17,0.05,0.1,58,-0.4040385064208119,1
-0.17,0.05,0.1,59,-0.40411909842524,1
-0.17,0.05,0.3,0,-0.40659826597019844,1
-0.17,0.05,0.3,1,-0.39004074809764294,1
-0.17,0.05,0.3,2,-0.3920295879532617,1
-0.17,0.05,0.3,3,-0.4081269576032116,1
-0.17,0.05,0.3,4,-0.4051126065207411,1
-0.17,0.05,0.3,5,-0.4072091206631286,1
-0.17,0.05,0.3,6,-0.4065049024499653,1
-0.17,0.05,0.3,7,-0.4080026446493665,1
-0.17,0.05,0.3,8,-0.40379840465410716,1
-0.17,0.05,0.3,9,-0.40526681561510774,1
-0.17,0.05,0.3,10,-0.40513071376737936,1
-0.17,0.05,0.3,11,-0.40318334928265237,1
-0.17,0.05,0.3,12,-0.4078485989914322,1
-0.17,0.05,0.3,13,-0.4022344208624417,1
-0.17,0.05,0.3,14,-0.4056558655471161,1
-0.17,0.05,0.3,15,-0.40406491058895705,1
-0.17,0.05,0.3,16,-0.4067685189060711,1
-0.17,0.05,0.3,17,-0.40666244332325724,1
-0.17,0.05,0.3,18,-0.4060294722721731,1
-0.17,0.05,0.3,19,-0.40723164604774525,1
-0.17,0.05,0.3,20,-0.4067606652298684,1
-0.17,0.05,0.3,21,-0.39462191371557864,1
-0.17,0.05,0.3,22,-0.40023326592105124,1
-0.17,0.05,0.3,23,-0.4061480037798086,1
-0.17,0.05,0.3,24,-0.4073644654218673,1
-0.17,0.05,0.3,25,-0.4073568320194327,1
-0.17,0.05,0.3,26,-0.4047187484824476,1
-0.17,0.05,0.3,27,-0.39680534878033713,1
-0.17,0.05,0.3,28,-0.40650738041256573,1
-0.17,0.05,0.3,29,-0.4074637099103937,1
-0.17,0.05,0.3,30,-0.4054911985972449,1
-0.17,0.05,0.3,31,-0.4041270739036405,1
-0.17,0.05,0.3,32,-0.40837949169258847,1
-0.17,0.05,0.3,33,-0.40597219374679816,1
-0.17,0.05,0.3,34,-0.4065918123928507,1
-0.17,0.05,0.3,35,-0.39962804132199803,1
-0.17,0.05,0.3,36,-0.4040765900270152,1
-0.17,0.05,0.3,37,-0.38852460909682623,1
-0.17,0.05,0.3,38,-0.40626263723156775,1
-0.17,0.05,0.3,39,-0.40831866574877074,1
-0.17,0.05,0.3,40,-0.4032193280019794,1
-0.17,0.05,0.3,41,-0.4036471222634054,1
-0.17,0.05,0.3,42,-0.3720270108263114,1
-0.17,0.05,0.3,43,-0.4029477022509743,1
-0.17,0.05,0.3,44,-0.4008099915418088,1
-0.17,0.05,0.3,45,-0.40654204794873505,1
-0.17,0.05,0.3,46,-0.4082688551183537,1
-0.17,0.05,0.3,47,-0.38742087516232965,1
-0.17,0.05,0.3,48,-0.40220934061840585,1
-0.17,0.05,0.3,49,-0.3995247868347778,1
-0.17,0.05,0.3,50,-0.40754503647913404,1
-0.17,0.05,0.3,51,-0.4074792626377705,1
-0.17,0.05,0.3,52,-0.40565026376266855,1
-0.17,0.05,0.3,53,-0.40830281346531155,1
-0.17,0.05,0.3,54,-0.40825805642772073,1
-0.17,0.05,0.3,55,-0.4076389920814687,1
-0.17,0.05,0.3,56,-0.40568079374547233,1
-0.17,0.05,0.3,57,-0.4080714913841943,1
-0.17,0.05,0.3,58,-0.403536918655208,1
-0.17,0.05,0.3,59,-0.3693068902837558,1
-0.165,0.01,0.02,0,-0.4022687929817366,1
-0.165,0.01,0.02,1,-0.3906307348706293,1
-0.165,0.01,0.02,2,-0.39893016274757753,1
-0.165,0.01,0.02,3,-0.3898023765202125,1
-0.165,0.01,0.02,4,-0.3906793362106624,1
-0.165,0.01,0.02,5,-0.39350609818684884,1
-0.165,0.01,0.02,6,-0.39504731063493376,1
-0.165,0.01,0.02,7,-0.3894592229995028,1
-0.165,0.01,0.02,8,-0.4006655939589577,1
-0.165,0.01,0.02,9,-0.394068804599601,1
-0.165,0.01,0.02,10,-0.38965361787115743,1
-0.165,0.01,0.02,11,-0.4013620364783575,1
-0.165,0.01,0.02,12,-0.39348961511425884,1
-0.165,0.01,0.02,13,-0.3931126303112372,1
-0.165,0.01,0.02,14,-0.3981508426399199,1
-0.165,0.01,0.02,15,-0.39862943699112896,1
-0.165,0.01,0.02,16,-0.3893240465843391,1
-0.165,0.01,0.02,17,-0.38192908925514596,1
-0.165,0.01,0.02,18,-0.385028839530308,1
-0.165,0.01,0.02,19,-0.3859848221076458,1
-0.165,0.01,0.02,20,-0.3850019243649851,1
-0.165,0.01,0.02,21,-0.3972387073265871,1
-0.165,0.01,0.02,22,-0.39733955732661874,1
-0.165,0.01,0.02,23,-0.386520316447406,1
-0.165,0.01,0.02,24,-0.40612737619627487,1
-0.165,0.01,0.02,25,-0.38864503522203653,1
-0.165,0.01,0.02,26,-0.39324185311631293,1
-0.165,0.01,0.02,27,-0.3972135056090524,1
-0.165,0.01,0.02,28,-0.3900902002579741,1
-0.165,0.01,0.02,29,-0.3905958272038275,1
-0.165,0.01,0.02,30,-0.3833307547272144,1
-0.165,0.01,0.02,31,-0.38863378827677075,1
-0.165,0.01,0.02,32,-0.3917401353426375,1
-0.165,0.01,0.02,33,-0.386818448117596,1
-0.165,0.01,0.02,34,-0.3958252901264201,1
-0.165,0.01,0.02,35,-0.3938111260375795,1
-0.165,0.01,0.02,36,-0.3986729081989448,1
-0.165,0.01,0.02,37,-0.3913642526969265,1
-0.165,0.01,0.02,38,-0.3997403039960097,1
-0.165,0.01,0.02,39,-0.397623219332632,1
-0.165,0.01,0.02,40,-0.38367868297633084,1
-0.165,0.01,0.02,41,-0.3842520609704485,1
-0.165,0.01,0.02,42,-0.387484545026315,1
-0.165,0.01,0.02,43,-0.3915160830504384,1
-0.165,0.01,0.02,44,-0.3853446055638938,1
-0.165,0.01,0.02,45,-0.3984225615090608,1
-0.165,0.01,0.02,46,-0.3810573596050201,1
-0.165,0.01,0.02,47,-0.3987133133471472,1
-0.165,0.01,0.02,48,-0.39055988142818865,1
-0.165,0.01,0.02,49,-0.38419749218753957,1
-0.165,0.01,0.02,50,-0.3949219430163233,1
-0.165,0.01,0.02,51,-0.3911223466316874,1
-0.165,0.01,0.02,52,-0.4057998167879233,1
-0.165,0.01,0.02,53,-0.3907975266309179,1
-0.165,0.01,0.02,54,-0.4032328809661293,1
-0.165,0.01,0.02,55,-0.39298320070383846,1
-0.165,0.01,0.02,56,-0.39613573406779673,1
-0.165,0.01,0.02,57,-0.40327625875529305,1
-0.165,0.01,0.02,58,-0.39560350019779467,1
-0.165,0.01,0.02,59,-0.3815255099014816,1
-0.165,0.01,0.1,0,-0.380550426594717,1
-0.165,0.01,0.1,1,-0.3907868248151477,1
-0.165,0.01,0.1,2,-0.39655250475990383,1
-0.165,0.01,0.1,3,-0.38223345051913216,1
-0.165,0.01,0.1,4,-0.3954382377516372,1
-0.165,0.01,0.1,5,-0.38899968043790445,1
-0.165,0.01,0.1,6,-0.38074923401635136,1
-0.165,0.01,0.1,7,-0.3799850260781131,1
-0.165,0.01,0.1,8,-0.3851304368289668,1
-0.165,0.01,0.1,9,-0.4048506919533985,1
-0.165,0.01,0.1,10,-0.3911247984218207,1
-0.165,0.01,0.1,11,-0.40760022642057264,1
-0.165,0.01,0.1,12,-0.3806130075477936,1
-0.165,0.01,0.1,13,-0.3835590586418511,1
-0.165,0.01,0.1,14,-0.3773530361192252,1
-0.165,0.01,0.1,15,-0.3899402648554568,1
-0.165,0.01,0.1,16,-0.38387712468911933,1
-0.165,0.01,0.1,17,-0.38754502800858903,1
-0.165,0.01,0.1,18,-0.37324051962163873,1
-0.165,0.01,0.1,19,-0.3966523727864249,1
-0.165,0.01,0.1,20,-0.40228278196627454,1
-0.165,0.01,0.1,21,-0.37962909209664597,1
-0.165,0.01,0.1,22,-0.3948802663513513,1
-0.165,0.01,0.1,23,-0.39559518811777195,1
-0.165,0.01,0.1,24,-0.38677175748490433,1
-0.165,0.01,0.1,25,-0.3908133767553956,1
-0.165,0.01,0.1,26,-0.3886695832842603,1
-0.165,0.01,0.1,27,-0.38879899047111527,1
-0.165,0.01,0.1,28,-0.3867494703770713,1
-0.165,0.01,0.1,29,-0.3891148182105898,1
-0.165,0.01,0.1,30,-0.39898884595728934,1
-0.165,0.01,0.1,31,-0.39616828427415807,1
-0.165,0.01,0.1,32,-0.38126133334657497,1
-0.165,0.01,0.1,33,-0.39543157193628176,1
-0.165,0.01,0.1,34,-0.3783933222947692,1
-0.165,0.01,0.1,35,-0.3968038913022723,1
-0.165,0.01,0.1,36,-0.38080180442091316,1
-0.165,0.01,0.1,37,-0.3894124854519304,1
-0.165,0.01,0.1,38,-0.390552214757132,1
-0.165,0.01,0.1,39,-0.4027420771509194,1
-0.165,0.01,0.1,40,-0.3896309241514369,1
-0.165,0.01,0.1,41,-0.3789377112184888,1
-0.165,0.01,0.1,42,-0.4063922810163554,1
-0.165,0.01,0.1,43,-0.392320108931549,1
-0.165,0.01,0.1,44,-0.38171845941653815,1
-0.165,0.01,0.1,45,-0.38912271869731324,1
-0.165,0.01,0.1,46,-0.3876908511839876,1
-0.165,0.01,0.1,47,-0.3859693565938669,1
-0.165,0.01,0.1,48,-0.39085949986393903,1
-0.165,0.01,0.1,49,-0.3837396118444494,1
-0.165,0.01,0.1,50,-0.3843202276142303,1
-0.165,0.01,0.1,51,-0.38168150648920435,1
-0.165,0.01,0.1,52,-0.38159359911284,1
-0.165,0.01,0.1,53,-0.39372632639075,1
-0.165,0.01,0.1,54,-0.39744493267727926,1
-0.165,0.01,0.1,55,-0.3824374816622789,1
-0.165,0.01,0.1,56,-0.3824705650762517,1
-0.165,0.01,0.1,57,-0.3840420650503168,1
-0.165,0.01,0.1,58,-0.3971990561539796,1
-0.165,0.01,0.1,59,-0.3794504109495675,1
-0.165,0.01,0.3,0,-0.39238251176835315,1
-0.165,0.01,0.3,1,-0.399478341884535,1
-0.165,0.01,0.3,2,-0.3915755040607639,1
-0.165,0.01,0.3,3,-0.3825754099443435,1
-0.165,0.01,0.3,4,-0.3720221074659576,1
-0.165,0.01,0.3,5,-0.39205973569772967,1
-0.165,0.01,0.3,6,-0.3831001838589775,1
-0.165,0.01,0.3,7,-0.3751221195774681,1
-0.165,0.01,0.3,8,0.17689352449445106,0
-0.165,0.01,0.3,9,-0.37433652226411873,1
-0.165,0.01,0.3,10,-0.3803868817567681,1
-0.165,0.01,0.3,11,-0.3822150334086462,1
-0.165,0.01,0.3,12,-0.384530525536725,1
-0.165,0.01,0.3,13,-0.3937120428558216,1
-0.165,0.01,0.3,14,-0.37323289339250276,1
-0.165,0.01,0.3,15,-0.3912498757358084,1
-0.165,0.01,0.3,16,-0.3882782563122407,1
-0.165,0.01,0.3,17,-0.38331815515919115,1
-0.165,0.01,0.3,18,-0.387108564525784,1
-0.165,0.01,0.3,19,-0.3725810194018217,1
-0.165,0.01,0.3,20,-0.37233883269718115,1
-0.165,0.01,0.3,21,-0.3815672757194393,1
-0.165,0.01,0.3,22,-0.3737649214549472,1
-0.165,0.01,0.3,23,-0.3843409387396835,1
-0.165,0.01,0.3,24,-0.06471483421056956,1
-0.165,0.01,0.3,25,-0.38936676241226315,1
-0.165,0.01,0.3,26,-0.393408344059251,1
-0.165,0.01,0.3,27,-0.372934231866171,1
-0.165,0.01,0.3,28,-0.38769561451644347,1
-0.165,0.01,0.3,29,-0.3801929108601753,1
-0.165,0.01,0.3,30,-0.38719648018972525,1
-0.165,0.01,0.3,31,-0.3683254098705889,1
-0.165,0.01,0.3,32,-0.37506527593436884,1
-0.165,0.01,0.3,33,-0.38120664525605075,1
-0.165,0.01,0.3,34,-0.3715229752130593,1
-0.165,0.01,0.3,35,-0.329482770006955,1
-0.165,0.01,0.3,36,-0.40192209004581253,1
-0.165,0.01,0.3,37,-0.3897604176932938,1
-0.165,0.01,0.3,38,-0.36882768575552816,1
-0.165,0.01,0.3,39,-0.37114158368403954,1
-0.165,0.01,0.3,40,-0.21209564252746885,1
-0.165,0.01,0.3,41,-0.3728602222966848,1
-0.165,0.01,0.3,42,-0.39018018736929583,1
-0.165,0.01,0.3,43,-0.3726060796590987,1
-0.165,0.01,0.3,44,-0.3912510037578683,1
-0.165,0.01,0.3,45,-0.3941312560360716,1
-0.165,0.01,0.3,46,-0.38988309220133943,1
-0.165,0.01,0.3,47,-0.3749394547168592,1
-0.165,0.01,0.3,48,0.17684422081044698,0
-0.165,0.01,0.3,49,-0.3705498434023643,1
-0.165,0.01,0.3,50,-0.3916114082842553,1
-0.165,0.01,0.3,51,-0.23081925231833658,1
-0.165,0.01,0.3,52,-0.3962271639544332,1
-0.165,0.01,0.3,53,-0.39366665785158256,1
-0.165,0.01,0.3,54,-0.37530658966146885,1
-0.165,0.01,0.3,55,-0.3701679160700187,1
-0.165,0.01,0.3,56,-0.37575237935850453,1
-0.165,0.01,0.3,57,-0.3816111301787758,1
-0.165,0.01,0.3,58,-0.3854419532585585,1
-0.165,0.01,0.3,59,-0.39586079114635553,1
-0.165,0.03,0.02,0,-0.4074445468371953,1
-0.165,0.03,0.02,1,-0.40776211153778485,1
-0.165,0.03,0.02,2,-0.40693583354372526,1
-0.165,0.03,0.02,3,-0.4060504497954708,1
-0.165,0.03,0.02,4,-0.4072669476847837,1
-0.165,0.03,0.02,5,-0.4046367536748185,1
-0.165,0.03,0.02,6,-0.40783972094994725,1
-0.165,0.03,0.02,7,-0.40815261235215183,1
-0.165,0.03,0.02,8,-0.4024915985091593,1
-0.165,0.03,0.02,9,-0.4035489562133161,1
-0.165,0.03,0.02,10,-0.4072645080367233,1
-0.165,0.03,0.02,11,-0.40139033991501105,1
-0.165,0.03,0.02,12,-0.4002442261346112,1
-0.165,0.03,0.02,13,-0.40671724854452485,1
-0.165,0.03,0.02,14,-0.4071193516829162,1
-0.165,0.03,0.02,15,-0.3960072588887984,1
-0.165,0.03,0.02,16,-0.40697712031701183,1
-0.165,0.03,0.02,17,-0.40631235593787096,1
-0.165,0.03,0.02,18,-0.4045813116174286,1
-0.165,0.03,0.02,19,-0.4059940216398514,1
-0.165,0.03,0.02,20,-0.4080417155464834,1
-0.165,0.03,0.02,21,-0.4067077739716647,1
-0.165,0.03,0.02,22,-0.4069445493474163,1
-0.165,0.03,0.02,23,-0.406305139513637,1
-0.165,0.03,0.02,24,-0.4052230015340717,1
-0.165,0.03,0.02,25,-0.4059278407929127,1
-0.165,0.03,0.02,26,-0.4071567637619172,1
-0.165,0.03,0.02,27,-0.4074742008104241,1
-0.165,0.03,0.02,28,-0.4080946101198946,1
-0.165,0.03,0.02,29,-0.4057169574084258,1
-0.165,0.03,0.02,30,-0.4072370453028663,1
-0.165,0.03,0.02,31,-0.39181327486386897,1
-0.165,0.03,0.02,32,-0.40555158293243376,1
-0.165,0.03,0.02,33,-0.4078373530398315,1
-0.165,0.03,0.02,34,-0.4063525318891268,1
-0.165,0.03,0.02,35,-0.40391357824031643,1
-0.165,0.03,0.02,36,-0.4027433706228742,1
-0.165,0.03,0.02,37,-0.39838267047587894,1
-0.165,0.03,0.02,38,-0.4062326245715251,1
-0.165,0.03,0.02,39,-0.4011589948964144,1
-0.165,0.03,0.02,40,-0.40730042257302873,1
-0.165,0.03,0.02,41,-0.4065803583630965,1
-0.165,0.03,0.02,42,-0.40819641747805047,1
-0.165,0.03,0.02,43,-0.4068418070141314,1
-0.165,0.03,0.02,44,-0.40515189471862256,1
-0.165,0.03,0.02,45,-0.4032560980244523,1
-0.165,0.03,0.02,46,-0.4079200170668799,1
-0.165,0.03,0.02,47,-0.40614641114728584,1
-0.165,0.03,0.02,48,-0.4063186948059861,1
-0.165,0.03,0.02,49,-0.40454382901785935,1
-0.165,0.03,0.02,50,-0.38999842483439684,1
-0.165,0.03,0.02,51,-0.4017151730786244,1
-0.165,0.03,0.02,52,-0.4010360924813351,1
-0.165,0.03,0.02,53,-0.4062539859285213,1
-0.165,0.03,0.02,54,-0.4022343488281308,1
-0.165,0.03,0.02,55,-0.3991784408331629,1
-0.165,0.03,0.02,56,-0.39596692490316654,1
-0.165,0.03,0.02,57,-0.4070126945631137,1
-0.165,0.03,0.02,58,-0.4053264715099249,1
-0.165,0.03,0.02,59,-0.39855743382077574,1
-0.165,0.03,0.1,0,-0.391804682253414,1
-0.165,0.03,0.1,1,-0.4072524365027472,1
-0.165,0.03,0.1,2,-0.40268613477606724,1
-0.165,0.03,0.1,3,-0.40833001048574996,1
-0.165,0.03,0.1,4,-0.407414277496903,1
-0.165,0.03,0.1,5,-0.3859001546567214,1
-0.165,0.03,0.1,6,-0.40788195268018923,1
-0.165,0.03,0.1,7,-0.3890333391870639,1
-0.165,0.03,0.1,8,-0.40462186202971306,1
-0.165,0.03,0.1,9,-0.4047691138331086,1
-0.165,0.03,0.1,10,-0.4042713859587037,1
-0.165,0.03,0.1,11,-0.3729203558823113,1
-0.165,0.03,0.1,12,-0.40597801539294515,1
-0.165,0.03,0.1,13,-0.4031201645685451,1
-0.165,0.03,0.1,14,-0.3992153171845585,1
-0.165,0.03,0.1,15,-0.40539645062345975,1
-0.165,0.03,0.1,16,-0.4052819968674762,1
-0.165,0.03,0.1,17,-0.4072736615846784,1
-0.165,0.03,0.1,18,-0.4035016312395461,1
-0.165,0.03,0.1,19,-0.4051452254269178,1
-0.165,0.03,0.1,20,-0.40608777545377217,1
-0.165,0.03,0.1,21,-0.4044417827870337,1
-0.165,0.03,0.1,22,-0.40812880135448026,1
-0.165,0.03,0.1,23,-0.4073063977982105,1
-0.165,0.03,0.1,24,-0.40505782379402727,1
-0.165,0.03,0.1,25,-0.3914706070057372,1
-0.165,0.03,0.1,26,-0.4069962625105721,1
-0.165,0.03,0.1,27,-0.40232276936356604,1
-0.165,0.03,0.1,28,-0.40750640988586395,1
-0.165,0.03,0.1,29,-0.3970597943030956,1
-0.165,0.03,0.1,30,-0.4076555997152337,1
-0.165,0.03,0.1,31,-0.39068578643295476,1
-0.165,0.03,0.1,32,-0.4068677933999483,1
-0.165,0.03,0.1,33,-0.401735375960238,1
-0.165,0.03,0.1,34,-0.4053809176280036,1
-0.165,0.03,0.1,35,-0.40723384265654466,1
-0.165,0.03,0.1,36,-0.4079033417011329,1
-0.165,0.03,0.1,37,-0.4057555822169063,1
-0.165,0.03,0.1,38,-0.4043139536077652,1
-0.165,0.03,0.1,39,-0.40616895049546037,1
-0.165,0.03,0.1,40,-0.4033439757546147,1
-0.165,0.03,0.1,41,-0.4068486408502077,1
-0.165,0.03,0.1,42,-0.4058066501620416,1
-0.165,0.03,0.1,43,-0.40676107072595863,1
-0.165,0.03,0.1,44,-0.4064078923725727,1
-0.165,0.03,0.1,45,-0.3787270451358906,1
-0.165,0.03,0.1,46,-0.4056955489545518,1
-0.165,0.03,0.1,47,-0.4050376705674592,1
-0.165,0.03,0.1,48,-0.4009031273959836,1
-0.165,0.03,0.1,49,-0.407449714068229,1
-0.165,0.03,0.1,50,-0.37796927395524477,1
-0.165,0.03,0.1,51,-0.4021707752727125,1
-0.165,0.03,0.1,52,-0.40535555591209577,1
-0.165,0.03,0.1,53,-0.4042639087372424,1
-0.165,0.03,0.1,54,-0.40349602479481156,1
-0.165,0.03,0.1,55,-0.4061678431438327,1
-0.165,0.03,0.1,56,-0.40785862075127505,1
-0.165,0.03,0.1,57,-0.4028490351435288,1
-0.165,0.03,0.1,58,-0.39999146049069106,1
-0.165,0.03,0.1,59,-0.40600018392142184,1
-0.165,0.03,0.3,0,-0.3764068827472261,1
-0.165,0.03,0.3,1,-0.40449631606933223,1
-0.165,0.03,0.3,2,-0.3920802605027434,1
-0.165,0.03,0.3,3,-0.40748500120063924,1
-0.165,0.03,0.3,4,-0.4072119778456803,1
-0.165,0.03,0.3,5,-0.40787243883731533,1
-0.165,0.03,0.3,6,-0.3692343369695307,1
-0.165,0.03,0.3,7,-0.40739021122669333,1
-0.165,0.03,0.3,8,-0.40804105816500014,1
-0.165,0.03,0.3,9,-0.3730726235957146,1
-0.165,0.03,0.3,10,-0.4062384876330062,1
-0.165,0.03,0.3,11,-0.40327850762134665,1
-0.165,0.03,0.3,12,-0.40794175712446457,1
-0.165,0.03,0.3,13,-0.4070380790621985,1
-0.165,0.03,0.3,14,-0.3981984895500793,1
-0.165,0.03,0.3,15,-0.4031217225407174,1
-0.165,0.03,0.3,16,0.17689352449445106,0
-0.165,0.03,0.3,17,-0.4029257285889696,1
-0.165,0.03,0.3,18,-0.40810558185945406,1
-0.165,0.03,0.3,19,-0.3675153162515073,1
-0.165,0.03,0.3,20,0.17689352449445106,0
-0.165,0.03,0.3,21,-0.38313800374624646,1
-0.165,0.03,0.3,22,-0.407123594220769,1
-0.165,0.03,0.3,23,-0.3864993643778655,1
-0.165,0.03,0.3,24,-0.40391706482181583,1
-0.165,0.03,0.3,25,-0.40819804056721204,1
-0.165,0.03,0.3,26,-0.4060729576764584,1
-0.165,0.03,0.3,27,-0.4065724338746449,1
-0.165,0.03,0.3,28,-0.40626070284876126,1
-0.165,0.03,0.3,29,-0.3952599121201622,1
-0.165,0.03,0.3,30,-0.4011782927533275,1
-0.165,0.03,0.3,31,-0.40356155189355675,1
-0.165,0.03,0.3,32,-0.3873173207273431,1
-0.165,0.03,0.3,33,-0.40829498321598096,1
-0.165,0.03,0.3,34,-0.38573749114978223,1
-0.165,0.03,0.3,35,-0.37646714251218366,1
-0.165,0.03,0.3,36,-0.40000771316439204,1
-0.165,0.03,0.3,37,-0.40818885340548855,1
-0.165,0.03,0.3,38,-0.40792789562831816,1
-0.165,0.03,0.3,39,-0.408184453555355,1
-0.165,0.03,0.3,40,-0.3913383820793711,1
-0.165,0.03,0.3,41,-0.3864158099961462,1
-0.165,0.03,0.3,42,-0.407694769711211,1
-0.165,0.03,0.3,43,-0.39941832920056985,1
-0.165,0.03,0.3,44,0.1760402254250415,0
-0.165,0.03,0.3,45,-0.37642294112286434,1
-0.165,0.03,0.3,46,-0.40001097886446096,1
-0.165,0.03,0.3,47,-0.3982148267011133,1
-0.165,0.03,0.3,48,-0.3978652186808428,1
-0.165,0.03,0.3,49,-0.40595878182999384,1
-0.165,0.03,0.3,50,-0.3945862389567505,1
-0.165,0.03,0.3,51,-0.4078193016922622,1
-0.165,0.03,0.3,52,-0.389895292380801,1
-0.165,0.03,0.3,53,-0.4063779790710928,1
-0.165,0.03,0.3,54,-0.4080379645473234,1
-0.165,0.03,0.3,55,-0.3934193619756563,1
-0.165,0.03,0.3,56,-0.4057576856358335,1
-0.165,0.03,0.3,57,-0.4057473333602686,1
-0.165,0.03,0.3,58,-0.40212801350604993,1
-0.165,0.03,0.3,59,-0.40709837785116365,1
-0.165,0.05,0.02,0,-0.40810060729461406,1
-0.165,0.05,0.02,1,-0.4070350169195268,1
-0.165,0.05,0.02,2,-0.4030956533267209,1
-0.165,0.05,0.02,3,-0.40723354360476494,1
-0.165,0.05,0.02,4,-0.4046236753924209,1
-0.165,0.05,0.02,5,-0.4028051842591154,1
-0.165,0.05,0.02,6,-0.39984908508201394,1
-0.165,0.05,0.02,7,-0.4019701503254055,1
-0.165,0.05,0.02,8,-0.4030580019420742,1
-0.165,0.05,0.02,9,-0.4052120152569588,1
-0.165,0.05,0.02,10,-0.40486863197537987,1
-0.165,0.05,0.02,11,-0.4039968690057304,1
-0.165,0.05,0.02,12,-0.40472233039670075,1
-0.165,0.05,0.02,13,-0.4038166726563925,1
-0.165,0.05,0.02,14,-0.4045344271273563,1
-0.165,0.05,0.02,15,-0.39638658923181064,1
-0.165,0.05,0.02,16,-0.3949711592066632,1
-0.165,0.05,0.02,17,-0.4063017965492532,1
-0.165,0.05,0.02,18,-0.4049498257401066,1
-0.165,0.05,0.02,19,-0.40510352477571654,1
-0.165,0.05,0.02,20,-0.402125213144459,1
-0.165,0.05,0.02,21,-0.40812484285802025,1
-0.165,0.05,0.02,22,-0.383691040655846,1
-0.165,0.05,0.02,23,-0.40617647122976586,1
-0.165,0.05,0.02,24,-0.3893927911469154,1
-0.165,0.05,0.02,25,-0.4081916335458751,1
-0.165,0.05,0.02,26,-0.4054455160963492,1
-0.165,0.05,0.02,27,-0.4055992909027798,1
-0.165,0.05,0.02,28,-0.40286103209909485,1
-0.165,0.05,0.02,29,-0.39471143705208533,1
-0.165,0.05,0.02,30,-0.40750901723925675,1
-0.165,0.05,0.02,31,-0.40596383480611903,1
-0.165,0.05,0.02,32,-0.40637703659481544,1
-0.165,0.05,0.02,33,-0.40364649562625937,1
-0.165,0.05,0.02,34,-0.3998735242787987,1
-0.165,0.05,0.02,35,-0.4054035491547445,1
-0.165,0.05,0.02,36,-0.4044037123618353,1
-0.165,0.05,0.02,37,-0.4012215776377762,1
-0.165,0.05,0.02,38,-0.4018365340166234,1
-0.165,0.05,0.02,39,-0.40776634527199196,1
-0.165,0.05,0.02,40,-0.4022915141861962,1
-0.165,0.05,0.02,41,-0.40627807500563495,1
-0.165,0.05,0.02,42,-0.4031554710702828,1
-0.165,0.05,0.02,43,-0.4053118348567859,1
-0.165,0.05,0.02,44,-0.40403731078143795,1
-0.165,0.05,0.02,45,-0.407689219363937,1
-0.165,0.05,0.02,46,-0.39793763653179265,1
-0.165,0.05,0.02,47,-0.4072391258558567,1
-0.165,0.05,0.02,48,-0.4066191619141605,1
-0.165,0.05,0.02,49,-0.40738254074381297,1
-0.165,0.05,0.02,50,-0.4075788161043313,1
-0.165,0.05,0.02,51,-0.4082228625544332,1
-0.165,0.05,0.02,52,-0.4072688463363005,1
-0.165,0.05,0.02,53,-0.39777954962188694,1
-0.165,0.05,0.02,54,-0.40839287038945243,1
-0.165,0.05,0.02,55,-0.40562890768484716,1
-0.165,0.05,0.02,56,-0.4013700057951135,1
-0.165,0.05,0.02,57,-0.3946914571305142,1
-0.165,0.05,0.02,58,-0.39835421787615977,1
-0.165,0.05,0.02,59,-0.40804010884037417,1
-0.165,0.05,0.1,0,-0.4053243437836111,1
-0.165,0.05,0.1,1,-0.3946808611963251,1
-0.165,0.05,0.1,2,-0.4021934662362507,1
-0.165,0.05,0.1,3,-0.4062766877553772,1
-0.165,0.05,0.1,4,-0.4030814220897098,1
-0.165,0.05,0.1,5,-0.40585894505970116,1
-0.165,0.05,0.1,6,-0.4068321830778906,1
-0.165,0.05,0.1,7,-0.40480176001819534,1
-0.165,0.05,0.1,8,-0.4084281027581081,1
-0.165,0.05,0.1,9,-0.40161675484884296,1
-0.165,0.05,0.1,10,-0.40115348420431896,1
-0.165,0.05,0.1,11,-0.40075844638959046,1
-0.165,0.05,0.1,12,-0.4062302009254226,1
-0.165,0.05,0.1,13,-0.40616822134145847,1
-0.165,0.05,0.1,14,-0.40718107531770065,1
-0.165,0.05,0.1,15,-0.4067617591328459,1
-0.165,0.05,0.1,16,-0.4078617264525876,1
-0.165,0.05,0.1,17,-0.40166066418951657,1
-0.165,0.05,0.1,18,-0.40512051719235553,1
-0.165,0.05,0.1,19,-0.4057083149305171,1
-0.165,0.05,0.1,20,-0.39777432232311,1
-0.165,0.05,0.1,21,-0.40420478982056524,1
-0.165,0.05,0.1,22,-0.4060247687732092,1
-0.165,0.05,0.1,23,-0.39944936179625373,1
-0.165,0.05,0.1,24,-0.4068271510264178,1
-0.165,0.05,0.1,25,-0.40044389159666705,1
-0.165,0.05,0.1,26,-0.4022644632868113,1
-0.165,0.05,0.1,27,-0.40748314171478905,1
-0.165,0.05,0.1,28,-0.3955445322223632,1
-0.165,0.05,0.1,29,-0.40759800528091794,1
-0.165,0.05,0.1,30,-0.4070114240675126,1
-0.165,0.05,0.1,31,-0.40258859120133783,1
-0.165,0.05,0.1,32,-0.40451389959071454,1
-0.165,0.05,0.1,33,-0.4037244570338873,1
-0.165,0.05,0.1,34,-0.3843288764076937,1
-0.165,0.05,0.1,35,-0.4078209735020155,1
-0.165,0.05,0.1,36,-0.4063995040642318,1
-0.165,0.05,0.1,37,-0.4074167648985387,1
-0.165,0.05,0.1,38,-0.40746050576764326,1
-0.165,0.05,0.1,39,-0.40802827776263556,1
-0.165,0.05,0.1,40,-0.40791304901346065,1
-0.165,0.05,0.1,41,-0.4065997398516932,1
-0.165,0.05,0.1,42,-0.40769202777649405,1
-0.165,0.05,0.1,43,-0.399580717564933,1
-0.165,0.05,0.1,44,-0.4079095549508107,1
-0.165,0.05,0.1,45,-0.40616270404621463,1
-0.165,0.05,0.1,46,-0.4051698261506272,1
-0.165,0.05,0.1,47,-0.4060612012058494,1
-0.165,0.05,0.1,48,-0.4065286539012638,1
-0.165,0.05,0.1,49,-0.37869730385672823,1
-0.165,0.05,0.1,50,-0.40774847407630954,1
-0.165,0.05,0.1,51,-0.4063069109986395,1
-0.165,0.05,0.1,52,-0.4034085488570248,1
-0.165,0.05,0.1,53,-0.4064399142964921,1
-0.165,0.05,0.1,54,-0.403698270069625,1
-0.165,0.05,0.1,55,-0.4054974153718407,1
-0.165,0.05,0.1,56,-0.40612232291988,1
-0.165,0.05,0.1,57,-0.40015696287802743,1
-0.165,0.05,0.1,58,-0.4083951462706859,1
-0.165,0.05,0.1,59,-0.4055734790977653,1
-0.165,0.05,0.3,0,-0.3956086076026886,1
-0.165,0.05,0.3,1,-0.4065595172964113,1
-0.165,0.05,0.3,2,-0.39996258483834796,1
-0.165,0.05,0.3,3,-0.4030933311089681,1
-0.165,0.05,0.3,4,-0.407358184582434,1
-0.165,0.05,0.3,5,-0.4067574899057491,1
-0.165,0.05,0.3,6,-0.40412839338302703,1
-0.165,0.05,0.3,7,-0.40770767493399646,1
-0.165,0.05,0.3,8,-0.4083503209287487,1
-0.165,0.05,0.3,9,0.17689352449445106,0
-0.165,0.05,0.3,10,-0.40601043137555204,1
-0.165,0.05,0.3,11,-0.38946124604591387,1
-0.165,0.05,0.3,12,-0.4081886288300829,1
-0.165,0.05,0.3,13,-0.40808736952658603,1
-0.165,0.05,0.3,14,-0.40495409310912867,1
-0.165,0.05,0.3,15,-0.4066677407317172,1
-0.165,0.05,0.3,16,-0.404870280678351,1
-0.165,0.05,0.3,17,-0.39447556842548037,1
-0.165,0.05,0.3,18,-0.40784538210483373,1
-0.165,0.05,0.3,19,-0.40606740211786074,1
-0.165,0.05,0.3,20,-0.3958487272328905,1
-0.165,0.05,0.3,21,-0.40568470717727767,1
-0.165,0.05,0.3,22,-0.40805086575296173,1
-0.165,0.05,0.3,23,-0.4064619023258346,1
-0.165,0.05,0.3,24,-0.4011010929144696,1
-0.165,0.05,0.3,25,-0.4055716904372376,1
-0.165,0.05,0.3,26,-0.4040520206654046,1
-0.165,0.05,0.3,27,-0.40805696042422457,1
-0.165,0.05,0.3,28,-0.4031336382447155,1
-0.165,0.05,0.3,29,-0.39414757669100553,1
-0.165,0.05,0.3,30,-0.38171658842331346,1
-0.165,0.05,0.3,31,-0.4022750020158537,1
-0.165,0.05,0.3,32,-0.4058959918007112,1
-0.165,0.05,0.3,33,-0.40337305654717337,1
-0.165,0.05,0.3,34,-0.40306953263818684,1
-0.165,0.05,0.3,35,-0.3977909161389923,1
-0.165,0.05,0.3,36,-0.4025159024110518,1
-0.165,0.05,0.3,37,-0.3838515068248379,1
-0.165,0.05,0.3,38,-0.40809770398886336,1
-0.165,0.05,0.3,39,-0.4038867227467935,1
-0.165,0.05,0.3,40,-0.4014036731493236,1
-0.165,0.05,0.3,41,-0.4030885696115431,1
-0.165,0.05,0.3,42,-0.3861982086213364,1
-0.165,0.05,0.3,43,-0.4058444401650493,1
-0.165,0.05,0.3,44,-0.40658916464204803,1
-0.165,0.05,0.3,45,-0.4013165447228153,1
-0.165,0.05,0.3,46,-0.40190686289390787,1
-0.165,0.05,0.3,47,-0.4004251746012689,1
-0.165,0.05,0.3,48,-0.4064778537607698,1
-0.165,0.05,0.3,49,-0.3906327167788303,1
-0.165,0.05,0.3,50,-0.4052605134472317,1
-0.165,0.05,0.3,51,-0.40357797663500455,1
-0.165,0.05,0.3,52,-0.39472257495741586,1
-0.165,0.05,0.3,53,-0.40737048462589476,1
-0.165,0.05,0.3,54,-0.38606863871093317,1
-0.165,0.05,0.3,55,-0.4081778323073912,1
-0.165,0.05,0.3,56,-0.4084222802663823,1
-0.165,0.05,0.3,57,0.17689352449445106,0
-0.165,0.05,0.3,58,-0.39023341485603447,1
-0.165,0.05,0.3,59,-0.4050112530541156,1
-0.16,0.01,0.02,0,-0.39742464078720185,1
-0.16,0.01,0.02,1,-0.38638562985488306,1
-0.16,0.01,0.02,2,-0.3870473199726833,1
-0.16,0.01,0.02,3,-0.39333851651695956,1
-0.16,0.01,0.02,4,-0.38490226677247724,1
-0.16,0.01,0.02,5,-0.38628299255220133,1
-0.16,0.01,0.02,6,-0.384598184818781,1
-0.16,0.01,0.02,7,-0.40179612266394255,1
-0.16,0.01,0.02,8,-0.38430229875942723,1
-0.16,0.01,0.02,9,-0.3832324595898629,1
-0.16,0.01,0.02,10,-0.3850291437915239,1
-0.16,0.01,0.02,11,-0.376636598998754,1
-0.16,0.01,0.02,12,-0.38925828079092617,1
-0.16,0.01,0.02,13,-0.37608693694199496,1
-0.16,0.01,0.02,14,-0.3884058100150847,1
-0.16,0.01,0.02,15,-0.3779378985935678,1
-0.16,0.01,0.02,16,-0.38577319178010044,1
-0.16,0.01,0.02,17,-0.39047711332707646,1
-0.16,0.01,0.02,18,-0.39314742656786933,1
-0.16,0.01,0.02,19,-0.39425186775412363,1
-0.16,0.01,0.02,20,-0.37966945400576424,1
-0.16,0.01,0.02,21,-0.3865693563945846,1
-0.16,0.01,0.02,22,-0.38257506954176307,1
-0.16,0.01,0.02,23,-0.37789621283053465,1
-0.16,0.01,0.02,24,-0.39495744891768875,1
-0.16,0.01,0.02,25,-0.38143397913820903,1
-0.16,0.01,0.02,26,-0.36994009473877404,1
-0.16,0.01,0.02,27,-0.3852541385132255,1
-0.16,0.01,0.02,28,-0.3878558496202218,1
-0.16,0.01,0.02,29,-0.3770427941302922,1
-0.16,0.01,0.02,30,-0.38633996001529586,1
-0.16,0.01,0.02,31,-0.38762596688171175,1
-0.16,0.01,0.02,32,-0.3924402321538713,1
-0.16,0.01,0.02,33,-0.3957629965701279,1
-0.16,0.01,0.02,34,-0.3827020766175123,1
-0.16,0.01,0.02,35,-0.37711556504544297,1
-0.16,0.01,0.02,36,-0.4071678705988673,1
-0.16,0.01,0.02,37,-0.3991184776956746,1
-0.16,0.01,0.02,38,-0.38410997162944543,1
-0.16,0.01,0.02,39,-0.3855158932315908,1
-0.16,0.01,0.02,40,-0.3885858104109557,1
-0.16,0.01,0.02,41,-0.3762919423459029,1
-0.16,0.01,0.02,42,-0.38525187607637046,1
-0.16,0.01,0.02,43,-0.3788181047076645,1
-0.16,0.01,0.02,44,-0.38723906933930363,1
-0.16,0.01,0.02,45,-0.39209883849030436,1
-0.16,0.01,0.02,46,-0.38205665372178227,1
-0.16,0.01,0.02,47,-0.38833808438242795,1
-0.16,0.01,0.02,48,-0.3907379830745046,1
-0.16,0.01,0.02,49,-0.3969841731788074,1
-0.16,0.01,0.02,50,-0.3812541293466368,1
-0.16,0.01,0.02,51,-0.3943521575181651,1
-0.16,0.01,0.02,52,-0.3918183715723626,1
-0.16,0.01,0.02,53,-0.39444719115294874,1
-0.16,0.01,0.02,54,-0.38655976788480195,1
-0.16,0.01,0.02,55,-0.3875045166406282,1
-0.16,0.01,0.02,56,-0.3800000159304702,1
-0.16,0.01,0.02,57,-0.3883863208205231,1
-0.16,0.01,0.02,58,-0.37807196380163405,1
-0.16,0.01,0.02,59,-0.37650628353934584,1
-0.16,0.01,0.1,0,-0.38750188416544135,1
-0.16,0.01,0.1,1,-0.39528779865024816,1
-0.16,0.01,0.1,2,-0.3747338411803185,1
-0.16,0.01,0.1,3,-0.39386131020238885,1
-0.16,0.01,0.1,4,-0.3717400127484891,1
-0.16,0.01,0.1,5,-0.38005979934192297,1
-0.16,0.01,0.1,6,-0.3372044302965435,1
-0.16,0.01,0.1,7,-0.37795043620701246,1
-0.16,0.01,0.1,8,-0.3818790795334346,1
-0.16,0.01,0.1,9,-0.3820957350153803,1
-0.16,0.01,0.1,10,0.1776234526449126,0
-0.16,0.01,0.1,11,-0.40651148907937706,1
-0.16,0.01,0.1,12,-0.37574946081457494,1
-0.16,0.01,0.1,13,-0.3785604749267139,1
-0.16,0.01,0.1,14,-0.39185976238354514,1
-0.16,0.01,0.1,15,-0.3898737008993757,1
-0.16,0.01,0.1,16,-0.38099099763454514,1
-0.16,0.01,0.1,17,-0.3925752530223344,1
-0.16,0.01,0.1,18,-0.38524201712334943,1
-0.16,0.01,0.1,19,-0.3865289008855376,1
-0.16,0.01,0.1,20,-0.38212748900978044,1
-0.16,0.01,0.1,21,-0.3851247841778694,1
-0.16,0.01,0.1,22,-0.3880349406315958,1
-0.16,0.01,0.1,23,-0.3882813009716799,1
-0.16,0.01,0.1,24,-0.37826230002934735,1
-0.16,0.01,0.1,25,-0.3752602164382181,1
-0.16,0.01,0.1,26,-0.39415088046163255,1
-0.16,0.01,0.1,27,-0.3898625425864884,1
-0.16,0.01,0.1,28,-0.38410410087817404,1
-0.16,0.01,0.1,29,-0.39344322035292456,1
-0.16,0.01,0.1,30,-0.37494078467121295,1
-0.16,0.01,0.1,31,-0.25932503015185504,1
-0.16,0.01,0.1,32,-0.37659810968658,1
-0.16,0.01,0.1,33,-0.3846563810257192,1
-0.16,0.01,0.1,34,-0.38230371629889726,1
-0.16,0.01,0.1,35,-0.3951978223076464,1
-0.16,0.01,0.1,36,-0.3913100761049557,1
-0.16,0.01,0.1,37,-0.37259177520475184,1
-0.16,0.01,0.1,38,-0.3829788296584081,1
-0.16,0.01,0.1,39,-0.37810407541602176,1
-0.16,0.01,0.1,40,-0.3760301247544664,1
-0.16,0.01,0.1,41,-0.37453835722888923,1
-0.16,0.01,0.1,42,-0.37300696714646375,1
-0.16,0.01,0.1,43,-0.3760317190134212,1
-0.16,0.01,0.1,44,-0.38523137638698335,1
-0.16,0.01,0.1,45,-0.37221417392717987,1
-0.16,0.01,0.1,46,-0.4047633688770759,1
-0.16,0.01,0.1,47,-0.3892283893025529,1
-0.16,0.01,0.1,48,-0.38286154436583447,1
-0.16,0.01,0.1,49,-0.378629923055797,1
-0.16,0.01,0.1,50,-0.39844405303262526,1
-0.16,0.01,0.1,51,-0.37860670096416993,1
-0.16,0.01,0.1,52,-0.3892585703359507,1
-0.16,0.01,0.1,53,-0.37802862472701093,1
-0.16,0.01,0.1,54,-0.37951622963058046,1
-0.16,0.01,0.1,55,-0.39032137100592135,1
-0.16,0.01,0.1,56,-0.39332091075067627,1
-0.16,0.01,0.1,57,-0.3780256486944445,1
-0.16,0.01,0.1,58,-0.38230828134675937,1
-0.16,0.01,0.1,59,-0.3993187393663284,1
-0.16,0.01,0.3,0,-0.37602652042905466,1
-0.16,0.01,0.3,1,-0.3790525346039516,1
-0.16,0.01,0.3,2,0.18209217410985615,0
-0.16,0.01,0.3,3,-0.3673707347552377,1
-0.16,0.01,0.3,4,-0.37919170646601713,1
-0.16,0.01,0.3,5,-0.37840420580675876,1
-0.16,0.01,0.3,6,-0.3952699245282595,1
-0.16,0.01,0.3,7,-0.383767190748234,1
-0.16,0.01,0.3,8,-0.37263310115900045,1
-0.16,0.01,0.3,9,-0.3971953759812777,1
-0.16,0.01,0.3,10,0.1760293923714031,0
-0.16,0.01,0.3,11,-0.37876315767689156,1
-0.16,0.01,0.3,12,-0.3884432651521676,1
-0.16,0.01,0.3,13,-0.38915393097473816,1
-0.16,0.01,0.3,14,-0.37948222995348113,1
-0.16,0.01,0.3,15,-0.24197319938447565,1
-0.16,0.01,0.3,16,0.17763301238200438,0
-0.16,0.01,0.3,17,-0.3852298639872838,1
-0.16,0.01,0.3,18,-0.3761169113646045,1
-0.16,0.01,0.3,19,-0.37980861539105615,1
-0.16,0.01,0.3,20,-0.3769241661713733,1
-0.16,0.01,0.3,21,-0.386335977433414,1
-0.16,0.01,0.3,22,-0.38919900093354776,1
-0.16,0.01,0.3,23,-0.37419409564221784,1
-0.16,0.01,0.3,24,-0.36757434538001416,1
-0.16,0.01,0.3,25,-0.3708802797529499,1
-0.16,0.01,0.3,26,-0.18144564817782713,1
-0.16,0.01,0.3,27,-0.36654314889298706,1
-0.16,0.01,0.3,28,-0.38435843200027836,1
-0.16,0.01,0.3,29,-0.3997502834923107,1
-0.16,0.01,0.3,30,-0.37360590624619844,1
-0.16,0.01,0.3,31,-0.3737000933341482,1
-0.16,0.01,0.3,32,-0.38014377558013573,1
-0.16,0.01,0.3,33,-0.37930367961199474,1
-0.16,0.01,0.3,34,-0.3793120999779346,1
-0.16,0.01,0.3,35,-0.3770571983132044,1
-0.16,0.01,0.3,36,-0.15738400786534373,1
-0.16,0.01,0.3,37,0.18800804762257414,0
-0.16,0.01,0.3,38,0.1843609940751636,0
-0.16,0.01,0.3,39,-0.3736866769867656,1
-0.16,0.01,0.3,40,-0.36963551684262536,1
-0.16,0.01,0.3,41,-0.37652380657720236,1
-0.16,0.01,0.3,42,-0.37384940788924453,1
-0.16,0.01,0.3,43,-0.39405071108795275,1
-0.16,0.01,0.3,44,-0.09425801246230242,1
-0.16,0.01,0.3,45,-0.3802778100984967,1
-0.16,0.01,0.3,46,-0.3818178065244941,1
-0.16,0.01,0.3,47,-0.3851875232825873,1
-0.16,0.01,0.3,48,-0.3859124249110553,1
-0.16,0.01,0.3,49,-0.3833340001453792,1
-0.16,0.01,0.3,50,-0.3726961750149381,1
-0.16,0.01,0.3,51,-0.11604988842664188,1
-0.16,0.01,0.3,52,-0.3854596909294005,1
-0.16,0.01,0.3,53,-0.3677589181864841,1
-0.16,0.01,0.3,54,-0.3810670426063727,1
-0.16,0.01,0.3,55,0.18343614532647223,0
-0.16,0.01,0.3,56,-0.36837397847525616,1
-0.16,0.01,0.3,57,-0.38144151624872763,1
-0.16,0.01,0.3,58,-0.39873386298760827,1
-0.16,0.01,0.3,59,-0.38160816532119896,1
-0.16,0.03,0.02,0,-0.4082789015128984,1
-0.16,0.03,0.02,1,-0.4031901412582994,1
-0.16,0.03,0.02,2,-0.40526728029990017,1
-0.16,0.03,0.02,3,-0.39838837468284405,1
-0.16,0.03,0.02,4,-0.40224898891089034,1
-0.16,0.03,0.02,5,-0.3973724424317798,1
-0.16,0.03,0.02,6,-0.3975227704039418,1
-0.16,0.03,0.02,7,-0.4057012967116143,1
-0.16,0.03,0.02,8,-0.40748416003383986,1
-0.16,0.03,0.02,9,-0.408088145279831,1
-0.16,0.03,0.02,10,-0.4074877498784384,1
-0.16,0.03,0.02,11,-0.403973592340446,1
-0.16,0.03,0.02,12,-0.4072478474941506,1
-0.16,0.03,0.02,13,-0.40633280241422165,1
-0.16,0.03,0.02,14,-0.39630927546844036,1
-0.16,0.03,0.02,15,-0.40724577672350504,1
-0.16,0.03,0.02,16,-0.4065808497266597,1
-0.16,0.03,0.02,17,-0.40537293175510725,1
-0.16,0.03,0.02,18,-0.4033372649635367,1
-0.16,0.03,0.02,19,-0.4075747405737157,1
-0.16,0.03,0.02,20,-0.39632176058517077,1
-0.16,0.03,0.02,21,-0.4073906997154729,1
-0.16,0.03,0.02,22,-0.39948979557689174,1
-0.16,0.03,0.02,23,-0.4069698820435041,1
-0.16,0.03,0.02,24,-0.4013769842891457,1
-0.16,0.03,0.02,25,-0.4075677542349884,1
-0.16,0.03,0.02,26,-0.4069193516008554,1
-0.16,0.03,0.02,27,-0.4082465037035251,1
-0.16,0.03,0.02,28,-0.40509759478413676,1
-0.16,0.03,0.02,29,-0.4023608881756223,1
-0.16,0.03,0.02,30,-0.39614154710239624,1
-0.16,0.03,0.02,31,-0.4063189192037323,1
-0.16,0.03,0.02,32,-0.40551933794672335,1
-0.16,0.03,0.02,33,-0.40452008074441886,1
-0.16,0.03,0.02,34,-0.40522821976423545,1
-0.16,0.03,0.02,35,-0.408250076668687,1
-0.16,0.03,0.02,36,-0.4033397532516334,1
-0.16,0.03,0.02,37,-0.40526082982306205,1
-0.16,0.03,0.02,38,-0.4035794143690889,1
-0.16,0.03,0.02,39,-0.4054311913915973,1
-0.16,0.03,0.02,40,-0.40773847230729005,1
-0.16,0.03,0.02,41,-0.39831016800467695,1
-0.16,0.03,0.02,42,-0.4013402019901018,1
-0.16,0.03,0.02,43,-0.40039554962533325,1
-0.16,0.03,0.02,44,-0.40731094214913827,1
-0.16,0.03,0.02,45,-0.40550759519782414,1
-0.16,0.03,0.02,46,-0.4072674132916972,1
-0.16,0.03,0.02,47,-0.3999681812240463,1
-0.16,0.03,0.02,48,-0.4070440543531798,1
-0.16,0.03,0.02,49,-0.40368978125679633,1
-0.16,0.03,0.02,50,-0.40352881470966645,1
-0.16,0.03,0.02,51,-0.40787226883027183,1
-0.16,0.03,0.02,52,-0.406037337788001,1
-0.16,0.03,0.02,53,-0.40799497829351455,1
-0.16,0.03,0.02,54,-0.40530812379723113,1
-0.16,0.03,0.02,55,-0.39685982277389803,1
-0.16,0.03,0.02,56,-0.4084260239291641,1
-0.16,0.03,0.02,57,-0.4077358753798173,1
-0.16,0.03,0.02,58,-0.39640953489596387,1
-0.16,0.03,0.02,59,-0.40631009100676546,1
-0.16,0.03,0.1,0,-0.3975555736159747,1
-0.16,0.03,0.1,1,-0.40831768334243046,1
-0.16,0.03,0.1,2,-0.40806860680152673,1
-0.16,0.03,0.1,3,-0.398324682099079,1
-0.16,0.03,0.1,4,-0.40645762343710706,1
-0.16,0.03,0.1,5,-0.40707070622008895,1
-0.16,0.03,0.1,6,-0.406425219404287,1
-0.16,0.03,0.1,7,-0.40445473857856185,1
-0.16,0.03,0.1,8,-0.40518643141424365,1
-0.16,0.03,0.1,9,-0.4081495862721995,1
-0.16,0.03,0.1,10,-0.4075189678097235,1
-0.16,0.03,0.1,11,-0.4010060714283418,1
-0.16,0.03,0.1,12,-0.4068181945838784,1
-0.16,0.03,0.1,13,-0.4066617127225865,1
-0.16,0.03,0.1,14,-0.40105223254548644,1
-0.16,0.03,0.1,15,-0.3987123622269385,1
-0.16,0.03,0.1,16,-0.40487016117072183,1
-0.16,0.03,0.1,17,-0.3999402977374024,1
-0.16,0.03,0.1,18,-0.40300051671318265,1
-0.16,0.03,0.1,19,-0.4057451030449795,1
-0.16,0.03,0.1,20,-0.4036183796144105,1
-0.16,0.03,0.1,21,-0.40409842424941755,1
-0.16,0.03,0.1,22,-0.3831239820367085,1
-0.16,0.03,0.1,23,-0.40083634252405365,1
-0.16,0.03,0.1,24,-0.4025685797341754,1
-0.16,0.03,0.1,25,-0.4030226987812658,1
-0.16,0.03,0.1,26,-0.3847852366603099,1
-0.16,0.03,0.1,27,-0.40392387608994657,1
-0.16,0.03,0.1,28,-0.38473733678879535,1
-0.16,0.03,0.1,29,-0.4006039003111467,1
-0.16,0.03,0.1,30,-0.3830231515001966,1
-0.16,0.03,0.1,31,-0.4049681061418845,1
-0.16,0.03,0.1,32,-0.3979085754939519,1
-0.16,0.03,0.1,33,-0.4059903336790177,1
-0.16,0.03,0.1,34,-0.40816832982212026,1
-0.16,0.03,0.1,35,-0.40735287091287575,1
-0.16,0.03,0.1,36,-0.40383423413710895,1
-0.16,0.03,0.1,37,-0.4062656365212253,1
-0.16,0.03,0.1,38,-0.4068913147801936,1
-0.16,0.03,0.1,39,-0.4026207749074231,1
-0.16,0.03,0.1,40,-0.40666229142987503,1
-0.16,0.03,0.1,41,-0.40613234752864613,1
-0.16,0.03,0.1,42,-0.40669231605727685,1
-0.16,0.03,0.1,43,-0.4082800080355965,1
-0.16,0.03,0.1,44,-0.4084004399316087,1
-0.16,0.03,0.1,45,-0.39526808363108,1
-0.16,0.03,0.1,46,-0.4028533909361784,1
-0.16,0.03,0.1,47,-0.40725160454805726,1
-0.16,0.03,0.1,48,-0.40770773972923435,1
-0.16,0.03,0.1,49,-0.4009726800708577,1
-0.16,0.03,0.1,50,-0.4052299874341244,1
-0.16,0.03,0.1,51,-0.40757517089624673,1
-0.16,0.03,0.1,52,-0.4083202981206197,1
-0.16,0.03,0.1,53,-0.4055087484974827,1
-0.16,0.03,0.1,54,-0.4073411199657137,1
-0.16,0.03,0.1,55,-0.4030414311815224,1
-0.16,0.03,0.1,56,-0.4012184774113113,1
-0.16,0.03,0.1,57,-0.40755510534936995,1
-0.16,0.03,0.1,58,-0.40833931535142226,1
-0.16,0.03,0.1,59,-0.4072632509515997,1
-0.16,0.03,0.3,0,-0.3752752331666906,1
-0.16,0.03,0.3,1,-0.40675668157352224,1
-0.16,0.03,0.3,2,-0.3791053819022802,1
-0.16,0.03,0.3,3,-0.4065407895051014,1
-0.16,0.03,0.3,4,-0.39848650190425666,1
-0.16,0.03,0.3,5,-0.39799954390299475,1
-0.16,0.03,0.3,6,-0.401047317907519,1
-0.16,0.03,0.3,7,0.1817173375172558,0
-0.16,0.03,0.3,8,-0.4003291172672902,1
-0.16,0.03,0.3,9,-0.40608323369048527,1
-0.16,0.03,0.3,10,-0.4070940362755795,1
-0.16,0.03,0.3,11,-0.4079105339410841,1
-0.16,0.03,0.3,12,-0.4074115848149275,1
-0.16,0.03,0.3,13,-0.4047014431281989,1
-0.16,0.03,0.3,14,-0.37698713987309085,1
-0.16,0.03,0.3,15,-0.40628773787049505,1
-0.16,0.03,0.3,16,-0.40347916487435653,1
-0.16,0.03,0.3,17,-0.4083807779896873,1
-0.16,0.03,0.3,18,-0.39806911552177004,1
-0.16,0.03,0.3,19,-0.4025549440080588,1
-0.16,0.03,0.3,20,-0.38717831674574127,1
-0.16,0.03,0.3,21,-0.4083055063477049,1
-0.16,0.03,0.3,22,-0.4066011328456515,1
-0.16,0.03,0.3,23,-0.3891296806063383,1
-0.16,0.03,0.3,24,-0.4082105959042136,1
-0.16,0.03,0.3,25,-0.39115394777211704,1
-0.16,0.03,0.3,26,-0.4068508848703404,1
-0.16,0.03,0.3,27,-0.4071903513531806,1
-0.16,0.03,0.3,28,-0.4050587163358649,1
-0.16,0.03,0.3,29,-0.4025774828898587,1
-0.16,0.03,0.3,30,-0.38504937614019386,1
-0.16,0.03,0.3,31,-0.4064085791993008,1
-0.16,0.03,0.3,32,-0.386964784527839,1
-0.16,0.03,0.3,33,-0.40790521645544875,1
-0.16,0.03,0.3,34,-0.40594770489145565,1
-0.16,0.03,0.3,35,-0.40792527590883626,1
-0.16,0.03,0.3,36,-0.4081949341082672,1
-0.16,0.03,0.3,37,-0.4081789206410361,1
-0.16,0.03,0.3,38,-0.4033176277344375,1
-0.16,0.03,0.3,39,0.1907656721204076,0
-0.16,0.03,0.3,40,0.15223136263324044,0
-0.16,0.03,0.3,41,-0.40336519904111456,1
-0.16,0.03,0.3,42,-0.3842988747754677,1
-0.16,0.03,0.3,43,-0.40755930238035754,1
-0.16,0.03,0.3,44,-0.3764187768848205,1
-0.16,0.03,0.3,45,-0.3686483877627576,1
-0.16,0.03,0.3,46,-0.4063996759200295,1
-0.16,0.03,0.3,47,-0.4084030808910707,1
-0.16,0.03,0.3,48,-0.397139851752519,1
-0.16,0.03,0.3,49,-0.4014957835830361,1
-0.16,0.03,0.3,50,-0.4061656281915821,1
-0.16,0.03,0.3,51,-0.4029588934849263,1
-0.16,0.03,0.3,52,-0.3902858101582414,1
-0.16,0.03,0.3,53,-0.40835132449548284,1
-0.16,0.03,0.3,54,-0.4008663590398053,1
-0.16,0.03,0.3,55,-0.3889883747473206,1
-0.16,0.03,0.3,56,-0.40356384876059104,1
-0.16,0.03,0.3,57,-0.4065626390142808,1
-0.16,0.03,0.3,58,-0.4059380332971004,1
-0.16,0.03,0.3,59,-0.4074489196151064,1
-0.16,0.05,0.02,0,-0.4061356560570825,1
-0.16,0.05,0.02,1,-0.400533595816206,1
-0.16,0.05,0.02,2,-0.40333127117131373,1
-0.16,0.05,0.02,3,-0.4047795000706463,1
-0.16,0.05,0.02,4,-0.4077792837330838,1
-0.16,0.05,0.02,5,-0.40806846941051705,1
-0.16,0.05,0.02,6,-0.4063266902208188,1
-0.16,0.05,0.02,7,-0.380246502111307,1
-0.16,0.05,0.02,8,-0.4069500687176225,1
-0.16,0.05,0.02,9,-0.40104294947107266,1
-0.16,0.05,0.02,10,-0.4057505009780513,1
-0.16,0.05,0.02,11,-0.40557584050126083,1
-0.16,0.05,0.02,12,-0.39948945714116507,1
-0.16,0.05,0.02,13,-0.4032827655798598,1
-0.16,0.05,0.02,14,-0.39981219098675413,1
-0.16,0.05,0.02,15,-0.4083847027569029,1
-0.16,0.05,0.02,16,-0.40417760039871514,1
-0.16,0.05,0.02,17,-0.40671376094958606,1
-0.16,0.05,0.02,18,-0.4062366182705002,1
-0.16,0.05,0.02,19,-0.40397510017844207,1
-0.16,0.05,0.02,20,-0.40342220061820844,1
-0.16,0.05,0.02,21,-0.40786458931072433,1
-0.16,0.05,0.02,22,-0.4065517192654931,1
-0.16,0.05,0.02,23,-0.4045815706227803,1
-0.16,0.05,0.02,24,-0.40671020742167335,1
-0.16,0.05,0.02,25,-0.4070283035895035,1
-0.16,0.05,0.02,26,-0.40617123817687223,1
-0.16,0.05,0.02,27,-0.4060547182466714,1
-0.16,0.05,0.02,28,-0.4076541951489003,1
-0.16,0.05,0.02,29,-0.4080647353064023,1
-0.16,0.05,0.02,30,-0.4082787657728165,1
-0.16,0.05,0.02,31,-0.4040237821127967,1
-0.16,0.05,0.02,32,-0.4082733380898637,1
-0.16,0.05,0.02,33,-0.3998142500396732,1
-0.16,0.05,0.02,34,-0.40764329590917425,1
-0.16,0.05,0.02,35,-0.39941862863363853,1
-0.16,0.05,0.02,36,-0.406397074826658,1
-0.16,0.05,0.02,37,-0.4076303447211958,1
-0.16,0.05,0.02,38,-0.4012071446790397,1
-0.16,0.05,0.02,39,-0.4070546273018038,1
-0.16,0.05,0.02,40,-0.3984703366052934,1
-0.16,0.05,0.02,41,-0.40238649299441864,1
-0.16,0.05,0.02,42,-0.4046264977149336,1
-0.16,0.05,0.02,43,-0.4082344192147749,1
-0.16,0.05,0.02,44,-0.40550897732955676,1
-0.16,0.05,0.02,45,-0.4037936098555473,1
-0.16,0.05,0.02,46,-0.3998765715085653,1
-0.16,0.05,0.02,47,-0.4083181172499087,1
-0.16,0.05,0.02,48,-0.40797862099738025,1
-0.16,0.05,0.02,49,-0.4068977390273826,1
-0.16,0.05,0.02,50,-0.40754656977821957,1
-0.16,0.05,0.02,51,-0.4030810013739868,1
-0.16,0.05,0.02,52,-0.40361513485503536,1
-0.16,0.05,0.02,53,-0.407804239597181,1
-0.16,0.05,0.02,54,-0.4073955181207946,1
-0.16,0.05,0.02,55,-0.40724370816255334,1
-0.16,0.05,0.02,56,-0.38955999294805116,1
-0.16,0.05,0.02,57,-0.40299087641090564,1
-0.16,0.05,0.02,58,-0.4079049073050817,1
-0.16,0.05,0.02,59,-0.40306106517904733,1
-0.16,0.05,0.1,0,-0.39626366796677026,1
-0.16,0.05,0.1,1,-0.40690585797006723,1
-0.16,0.05,0.1,2,-0.37596564267926375,1
-0.16,0.05,0.1,3,-0.4075178895192078,1
-0.16,0.05,0.1,4,-0.407001133255174,1
-0.16,0.05,0.1,5,-0.40162426307168864,1
-0.16,0.05,0.1,6,-0.40372269619029055,1
-0.16,0.05,0.1,7,-0.4044512138359619,1
-0.16,0.05,0.1,8,-0.4059200239619054,1
-0.16,0.05,0.1,9,-0.4083393563082936,1
-0.16,0.05,0.1,10,-0.4052219526146556,1
-0.16,0.05,0.1,11,-0.4069240089879539,1
-0.16,0.05,0.1,12,-0.3965330856481368,1
-0.16,0.05,0.1,13,-0.394534183996108,1
-0.16,0.05,0.1,14,-0.4065533424037725,1
-0.16,0.05,0.1,15,-0.4032303421769065,1
-0.16,0.05,0.1,16,-0.39433384808026845,1
-0.16,0.05,0.1,17,-0.40273100622086033,1
-0.16,0.05,0.1,18,-0.4076112263456837,1
-0.16,0.05,0.1,19,-0.40710518233029985,1
-0.16,0.05,0.1,20,-0.4079714141917563,1
-0.16,0.05,0.1,21,-0.4054582194157564,1
-0.16,0.05,0.1,22,-0.4030328926594007,1
-0.16,0.05,0.1,23,-0.4079741253148131,1
-0.16,0.05,0.1,24,-0.40773206048700755,1
-0.16,0.05,0.1,25,-0.40583801263957553,1
-0.16,0.05,0.1,26,-0.4047827496439083,1
-0.16,0.05,0.1,27,-0.38452422116438334,1
-0.16,0.05,0.1,28,-0.4083276835895102,1
-0.16,0.05,0.1,29,-0.4078981128776531,1
-0.16,0.05,0.1,30,-0.3988738064815154,1
-0.16,0.05,0.1,31,-0.39882644164400316,1
-0.16,0.05,0.1,32,-0.4031770216721663,1
-0.16,0.05,0.1,33,-0.38869667587291656,1
-0.16,0.05,0.1,34,-0.4079757076521962,1
-0.16,0.05,0.1,35,-0.40719388149448416,1
-0.16,0.05,0.1,36,-0.4033365081669952,1
-0.16,0.05,0.1,37,-0.3995757288163694,1
-0.16,0.05,0.1,38,-0.40706216717657123,1
-0.16,0.05,0.1,39,-0.39386112147604246,1
-0.16,0.05,0.1,40,-0.4083789610672579,1
-0.16,0.05,0.1,41,-0.4057258792600014,1
-0.16,0.05,0.1,42,-0.40653040112162475,1
-0.16,0.05,0.1,43,-0.40791723427965293,1
-0.16,0.05,0.1,44,-0.40512908691456756,1
-0.16,0.05,0.1,45,-0.4031192068780914,1
-0.16,0.05,0.1,46,-0.39327437132570864,1
-0.16,0.05,0.1,47,-0.4011086883239158,1
-0.16,0.05,0.1,48,-0.4040410993702739,1
-0.16,0.05,0.1,49,-0.40841007644759375,1
-0.16,0.05,0.1,50,-0.40416006581213226,1
-0.16,0.05,0.1,51,-0.40469115698255687,1
-0.16,0.05,0.1,52,-0.4014539595858721,1
-0.16,0.05,0.1,53,-0.40710620862724156,1
-0.16,0.05,0.1,54,-0.4067720961595045,1
-0.16,0.05,0.1,55,-0.40224958553953266,1
-0.16,0.05,0.1,56,-0.40361158408492503,1
-0.16,0.05,0.1,57,-0.40286435637918816,1
-0.16,0.05,0.1,58,-0.40660983349678403,1
-0.16,0.05,0.1,59,-0.40692876318750526,1
-0.16,0.05,0.3,0,-0.4053417063677073,1
-0.16,0.05,0.3,1,-0.38849575646026213,1
-0.16,0.05,0.3,2,-0.40783788040111496,1
-0.16,0.05,0.3,3,-0.4080475631401774,1
-0.16,0.05,0.3,4,-0.4069427870478471,1
-0.16,0.05,0.3,5,0.18729207093223094,0
-0.16,0.05,0.3,6,-0.39894418064878384,1
-0.16,0.05,0.3,7,-0.4065779055957032,1
-0.16,0.05,0.3,8,-0.4058682877679457,1
-0.16,0.05,0.3,9,-0.4061921062777857,1
-0.16,0.05,0.3,10,-0.40449372528602806,1
-0.16,0.05,0.3,11,-0.40592963555580747,1
-0.16,0.05,0.3,12,-0.40467228002757927,1
-0.16,0.05,0.3,13,-0.40802601650827647,1
-0.16,0.05,0.3,14,-0.4081107539110691,1
-0.16,0.05,0.3,15,-0.4072011272780272,1
-0.16,0.05,0.3,16,-0.40414388878029817,1
-0.16,0.05,0.3,17,-0.40445486155413174,1
-0.16,0.05,0.3,18,-0.4038366873360603,1
-0.16,0.05,0.3,19,-0.39684366291473006,1
-0.16,0.05,0.3,20,-0.39451798798376786,1
-0.16,0.05,0.3,21,0.1784389754928891,0
-0.16,0.05,0.3,22,-0.40616275292049303,1
-0.16,0.05,0.3,23,-0.40669689284924293,1
-0.16,0.05,0.3,24,-0.40277637740741723,1
-0.16,0.05,0.3,25,0.1756852318485898,0
-0.16,0.05,0.3,26,-0.4046491749682394,1
-0.16,0.05,0.3,27,-0.4046190475888601,1
-0.16,0.05,0.3,28,-0.39411155697691574,1
-0.16,0.05,0.3,29,-0.40795612429731537,1
-0.16,0.05,0.3,30,0.18040055022417467,0
-0.16,0.05,0.3,31,-0.40724103805628076,1
-0.16,0.05,0.3,32,-0.4023164197842934,1
-0.16,0.05,0.3,33,-0.40833264502227,1
-0.16,0.05,0.3,34,-0.40366443369248556,1
-0.16,0.05,0.3,35,-0.40764419739543767,1
-0.16,0.05,0.3,36,-0.40093250872152436,1
-0.16,0.05,0.3,37,-0.40607028837088605,1
-0.16,0.05,0.3,38,-0.4033162473394888,1
-0.16,0.05,0.3,39,-0.4028217866630494,1
-0.16,0.05,0.3,40,-0.40800801826681027,1
-0.16,0.05,0.3,41,-0.40202194888315856,1
-0.16,0.05,0.3,42,-0.408038057166681,1
-0.16,0.05,0.3,43,-0.4021156002571826,1
-0.16,0.05,0.3,44,-0.4050825990855093,1
-0.16,0.05,0.3,45,-0.4056027849070369,1
-0.16,0.05,0.3,46,-0.4068684253039968,1
-0.16,0.05,0.3,47,-0.40441845396083353,1
-0.16,0.05,0.3,48,-0.40417336010040894,1
-0.16,0.05,0.3,49,-0.407786100108556,1
-0.16,0.05,0.3,50,-0.40595911763594766,1
-0.16,0.05,0.3,51,-0.4023817552484199,1
-0.16,0.05,0.3,52,-0.40494870980667286,1
-0.16,0.05,0.3,53,-0.406227485598562,1
-0.16,0.05,0.3,54,-0.40717060883291917,1
-0.16,0.05,0.3,55,-0.40612092110280185,1
-0.16,0.05,0.3,56,-0.40539590851069945,1
-0.16,0.05,0.3,57,-0.40541117526192,1
-0.16,0.05,0.3,58,-0.40523233058521363,1
-0.16,0.05,0.3,59,-0.4062998043742567,1
-0.155,0.01,0.02,0,-0.3745673283357877,1
-0.155,0.01,0.02,1,-0.385871956037976,1
-0.155,0.01,0.02,2,-0.38398196422626024,1
-0.155,0.01,0.02,3,-0.38501243551163467,1
-0.155,0.01,0.02,4,-0.39675520919466983,1
-0.155,0.01,0.02,5,-0.38226348850197744,1
-0.155,0.01,0.02,6,-0.3788587230534913,1
-0.155,0.01,0.02,7,-0.3773941589393558,1
-0.155,0.01,0.02,8,-0.37593475102685525,1
-0.155,0.01,0.02,9,-0.3984257505697414,1
-0.155,0.01,0.02,10,-0.38320559886590094,1
-0.155,0.01,0.02,11,-0.2512600290292617,1
-0.155,0.01,0.02,12,-0.37564155346213873,1
-0.155,0.01,0.02,13,-0.3829751233853403,1
-0.155,0.01,0.02,14,-0.3758289371979708,1
-0.155,0.01,0.02,15,-0.38131486096510725,1
-0.155,0.01,0.02,16,-0.3754409724629428,1
-0.155,0.01,0.02,17,-0.37571877312354574,1
-0.155,0.01,0.02,18,-0.37967989778883093,1
-0.155,0.01,0.02,19,-0.38619295089995886,1
-0.155,0.01,0.02,20,-0.3760964850792766,1
-0.155,0.01,0.02,21,-0.3833789937725127,1
-0.155,0.01,0.02,22,-0.3728242780801872,1
-0.155,0.01,0.02,23,-0.3746259068322027,1
-0.155,0.01,0.02,24,-0.38206002784148724,1
-0.155,0.01,0.02,25,-0.38509884062578215,1
-0.155,0.01,0.02,26,-0.37692713419614,1
-0.155,0.01,0.02,27,-0.3731875145555948,1
-0.155,0.01,0.02,28,-0.3716856790788251,1
-0.155,0.01,0.02,29,-0.37370709085465237,1
-0.155,0.01,0.02,30,-0.37971686471310645,1
-0.155,0.01,0.02,31,-0.3757435689967323,1
-0.155,0.01,0.02,32,-0.3751967508645157,1
-0.155,0.01,0.02,33,-0.38409869458584495,1
-0.155,0.01,0.02,34,-0.38396503434795365,1
-0.155,0.01,0.02,35,-0.372219439105636,1
-0.155,0.01,0.02,36,-0.378393165925512,1
-0.155,0.01,0.02,37,-0.3713742599360416,1
-0.155,0.01,0.02,38,-0.3664352767883793,1
-0.155,0.01,0.02,39,-0.3818794184786295,1
-0.155,0.01,0.02,40,-0.38545290897973794,1
-0.155,0.01,0.02,41,-0.376234451203788,1
-0.155,0.01,0.02,42,-0.38078538711221566,1
-0.155,0.01,0.02,43,-0.3694243152058476,1
-0.155,0.01,0.02,44,-0.37596636845327125,1
-0.155,0.01,0.02,45,-0.37778760551738727,1
-0.155,0.01,0.02,46,-0.38853613311839985,1
-0.155,0.01,0.02,47,-0.3907187706977667,1
-0.155,0.01,0.02,48,-0.37114537942682846,1
-0.155,0.01,0.02,49,-0.38920287722820535,1
-0.155,0.01,0.02,50,-0.3736958980319195,1
-0.155,0.01,0.02,51,-0.3715064091498886,1
-0.155,0.01,0.02,52,-0.3708534435815744,1
-0.155,0.01,0.02,53,-0.3911218537655192,1
-0.155,0.01,0.02,54,-0.39535783727587287,1
-0.155,0.01,0.02,55,-0.37734272030035376,1
-0.155,0.01,0.02,56,-0.370006874657128,1
-0.155,0.01,0.02,57,-0.3824826480098398,1
-0.155,0.01,0.02,58,-0.3798332026437075,1
-0.155,0.01,0.02,59,-0.3676063297579812,1
-0.155,0.01,0.1,0,-0.3837486716735963,1
-0.155,0.01,0.1,1,-0.3699155478909836,1
-0.155,0.01,0.1,2,-0.1593230423446311,1
-0.155,0.01,0.1,3,-0.37509999502228286,1
-0.155,0.01,0.1,4,-0.3689065557383964,1
-0.155,0.01,0.1,5,-0.3688277836564163,1
-0.155,0.01,0.1,6,-0.37777849297225485,1
-0.155,0.01,0.1,7,-0.3737618155083818,1
-0.155,0.01,0.1,8,-0.37403038500349034,1
-0.155,0.01,0.1,9,-0.3880550544374316,1
-0.155,0.01,0.1,10,-0.3873075720522667,1
-0.155,0.01,0.1,11,-0.38173153259712606,1
-0.155,0.01,0.1,12,-0.3853557809326717,1
-0.155,0.01,0.1,13,-0.3798483440158467,1
-0.155,0.01,0.1,14,-0.37068788488130966,1
-0.155,0.01,0.1,15,-0.37747206991111865,1
-0.155,0.01,0.1,16,-0.37479305806156343,1
-0.155,0.01,0.1,17,-0.3723096014383435,1
-0.155,0.01,0.1,18,-0.37719127907805344,1
-0.155,0.01,0.1,19,-0.3771725596072343,1
-0.155,0.01,0.1,20,-0.3673492827551755,1
-0.155,0.01,0.1,21,0.17711752527468622,0
-0.155,0.01,0.1,22,-0.37039307978269703,1
-0.155,0.01,0.1,23,-0.36855472528314637,1
-0.155,0.01,0.1,24,-0.37973669017325024,1
-0.155,0.01,0.1,25,-0.3819176810191236,1
-0.155,0.01,0.1,26,-0.38186625172547073,1
-0.155,0.01,0.1,27,-0.2559481358401261,1
-0.155,0.01,0.1,28,0.1569338585996537,0
-0.155,0.01,0.1,29,-0.38767650812728977,1
-0.155,0.01,0.1,30,-0.3778711212713081,1
-0.155,0.01,0.1,31,0.022370022317653282,0
-0.155,0.01,0.1,32,-0.3802362305635445,1
-0.155,0.01,0.1,33,-0.37701642883343656,1
-0.155,0.01,0.1,34,-0.3896821372326268,1
-0.155,0.01,0.1,35,-0.37753813176820467,1
-0.155,0.01,0.1,36,-0.37357305699742616,1
-0.155,0.01,0.1,37,-0.37346608516786384,1
-0.155,0.01,0.1,38,-0.3675332389528038,1
-0.155,0.01,0.1,39,0.08339123778197399,0
-0.155,0.01,0.1,40,-0.3757941455481448,1
-0.155,0.01,0.1,41,0.17800132312954098,0
-0.155,0.01,0.1,42,-0.3795287300495007,1
-0.155,0.01,0.1,43,-0.37918098518838317,1
-0.155,0.01,0.1,44,0.18974439111101124,0
-0.155,0.01,0.1,45,-0.3760948522758051,1
-0.155,0.01,0.1,46,-0.3731496605331122,1
-0.155,0.01,0.1,47,-0.3708565428653687,1
-0.155,0.01,0.1,48,-0.3707920871144644,1
-0.155,0.01,0.1,49,-0.3733360788550283,1
-0.155,0.01,0.1,50,-0.37600272725235634,1
-0.155,0.01,0.1,51,-0.38187810875451883,1
-0.155,0.01,0.1,52,-0.36709761473408126,1
-0.155,0.01,0.1,53,-0.3799638504969803,1
-0.155,0.01,0.1,54,-0.38068899670969203,1
-0.155,0.01,0.1,55,-0.3742872898342626,1
-0.155,0.01,0.1,56,-0.3745303805152916,1
-0.155,0.01,0.1,57,-0.37677405177752515,1
-0.155,0.01,0.1,58,0.1777089420229529,0
-0.155,0.01,0.1,59,-0.3987973476489046,1
-0.155,0.01,0.3,0,-0.37714204260103135,1
-0.155,0.01,0.3,1,-0.3881473040391109,1
-0.155,0.01,0.3,2,0.2029304844112533,0
-0.155,0.01,0.3,3,-0.041891342851215596,1
-0.155,0.01,0.3,4,-0.3695146491934587,1
-0.155,0.01,0.3,5,0.20239604828082516,0
-0.155,0.01,0.3,6,-0.3682512078468726,1
-0.155,0.01,0.3,7,-0.36910386082568514,1
-0.155,0.01,0.3,8,0.1905529389829522,0
-0.155,0.01,0.3,9,0.18077290986353306,0
-0.155,0.01,0.3,10,-0.36718445398138344,1
-0.155,0.01,0.3,11,-0.2683158586232955,1
-0.155,0.01,0.3,12,-0.3782267175494531,1
-0.155,0.01,0.3,13,-0.36707762306235553,1
-0.155,0.01,0.3,14,0.18105073845378797,0
-0.155,0.01,0.3,15,-0.2306553941262713,1
-0.155,0.01,0.3,16,0.19034056799107998,0
-0.155,0.01,0.3,17,-0.3891990246185164,1
-0.155,0.01,0.3,18,-0.36926063817161764,1
-0.155,0.01,0.3,19,-0.3855666525713147,1
-0.155,0.01,0.3,20,0.18709664463884598,0
-0.155,0.01,0.3,21,-0.2349515172254336,1
-0.155,0.01,0.3,22,-0.31133397414856934,1
-0.155,0.01,0.3,23,-0.37389332992010593,1
-0.155,0.01,0.3,24,-0.38928985223758794,1
-0.155,0.01,0.3,25,0.1774605874322572,0
-0.155,0.01,0.3,26,-0.36728117206555116,1
-0.155,0.01,0.3,27,-0.37096789048830536,1
-0.155,0.01,0.3,28,-0.3691407811838007,1
-0.155,0.01,0.3,29,0.1873217263922057,0
-0.155,0.01,0.3,30,0.06483207196863577,0
-0.155,0.01,0.3,31,-0.3780605565240819,1
-0.155,0.01,0.3,32,0.18187974304245205,0
-0.155,0.01,0.3,33,0.1930721460045241,0
-0.155,0.01,0.3,34,0.19195801502036428,0
-0.155,0.01,0.3,35,-0.3670063433155316,1
-0.155,0.01,0.3,36,-0.3870931729992504,1
-0.155,0.01,0.3,37,-0.38212076957926666,1
-0.155,0.01,0.3,38,-0.37283650961344905,1
-0.155,0.01,0.3,39,-0.3667084510409634,1
-0.155,0.01,0.3,40,-0.31253026919005317,1
-0.155,0.01,0.3,41,0.17895335155727735,0
-0.155,0.01,0.3,42,0.18025595422446888,0
-0.155,0.01,0.3,43,-0.3894824696999996,1
-0.155,0.01,0.3,44,-0.37219139400420526,1
-0.155,0.01,0.3,45,-0.37623525990551493,1
-0.155,0.01,0.3,46,0.20387795207804993,0
-0.155,0.01,0.3,47,-0.3867661721421804,1
-0.155,0.01,0.3,48,0.18745365529766736,0
-0.155,0.01,0.3,49,-0.08775171333378884,1
-0.155,0.01,0.3,50,-0.3735387928348689,1
-0.155,0.01,0.3,51,-0.36959780730936964,1
-0.155,0.01,0.3,52,-0.3741066841941661,1
-0.155,0.01,0.3,53,-0.2329159360668879,1
-0.155,0.01,0.3,54,0.1899874046370024,0
-0.155,0.01,0.3,55,-0.3737476140265688,1
-0.155,0.01,0.3,56,-0.36698295743585774,1
-0.155,0.01,0.3,57,-0.3678669465475644,1
-0.155,0.01,0.3,58,0.1756795376521964,0
-0.155,0.01,0.3,59,0.17698064259769114,0
-0.155,0.03,0.02,0,-0.407783333864865,1
-0.155,0.03,0.02,1,-0.40799811325837876,1
-0.155,0.03,0.02,2,-0.4060350706237774,1
-0.155,0.03,0.02,3,-0.4019199297831369,1
-0.155,0.03,0.02,4,-0.4078258957610405,1
-0.155,0.03,0.02,5,-0.39965053628995356,1
-0.155,0.03,0.02,6,-0.405522223001191,1
-0.155,0.03,0.02,7,-0.4074721497887688,1
-0.155,0.03,0.02,8,-0.3957367515695519,1
-0.155,0.03,0.02,9,-0.4063943798526043,1
-0.155,0.03,0.02,10,-0.39111873697266564,1
-0.155,0.03,0.02,11,-0.4053547377128704,1
-0.155,0.03,0.02,12,-0.3974499048024318,1
-0.155,0.03,0.02,13,-0.4057174456756621,1
-0.155,0.03,0.02,14,-0.4062733866942781,1
-0.155,0.03,0.02,15,-0.39554904735064667,1
-0.155,0.03,0.02,16,-0.4076066117362508,1
-0.155,0.03,0.02,17,-0.39796224147886006,1
-0.155,0.03,0.02,18,-0.40778279236794285,1
-0.155,0.03,0.02,19,-0.40783980195494024,1
-0.155,0.03,0.02,20,-0.4042268685582723,1
-0.155,0.03,0.02,21,-0.4057372096794025,1
-0.155,0.03,0.02,22,-0.39458346658698956,1
-0.155,0.03,0.02,23,-0.391912690883302,1
-0.155,0.03,0.02,24,-0.395770591839516,1
-0.155,0.03,0.02,25,-0.4067614646374172,1
-0.155,0.03,0.02,26,-0.3980243713428869,1
-0.155,0.03,0.02,27,-0.3957786486873844,1
-0.155,0.03,0.02,28,-0.4014471094556772,1
-0.155,0.03,0.02,29,-0.40742691022308664,1
-0.155,0.03,0.02,30,-0.4005403283352204,1
-0.155,0.03,0.02,31,-0.4067157412842416,1
-0.155,0.03,0.02,32,-0.40213981626972534,1
-0.155,0.03,0.02,33,-0.40254506553191355,1
-0.155,0.03,0.02,34,-0.4052434595170625,1
-0.155,0.03,0.02,35,-0.4060782429969091,1
-0.155,0.03,0.02,36,-0.40537125644699495,1
-0.155,0.03,0.02,37,-0.40266423448978456,1
-0.155,0.03,0.02,38,-0.40675241102184434,1
-0.155,0.03,0.02,39,-0.3930915638094244,1
-0.155,0.03,0.02,40,-0.4051055055341512,1
-0.155,0.03,0.02,41,-0.40752647426190286,1
-0.155,0.03,0.02,42,-0.4031438160534479,1
-0.155,0.03,0.02,43,-0.40098514723530554,1
-0.155,0.03,0.02,44,-0.4069453018623268,1
-0.155,0.03,0.02,45,-0.40526939569091497,1
-0.155,0.03,0.02,46,-0.4065055814016303,1
-0.155,0.03,0.02,47,-0.40410997594871745,1
-0.155,0.03,0.02,48,-0.39587858592341524,1
-0.155,0.03,0.02,49,-0.4028280308109287,1
-0.155,0.03,0.02,50,-0.40773882262624006,1
-0.155,0.03,0.02,51,-0.4081599355396938,1
-0.155,0.03,0.02,52,-0.3967846469769989,1
-0.155,0.03,0.02,53,-0.4061996043588958,1
-0.155,0.03,0.02,54,-0.40819894816195085,1
-0.155,0.03,0.02,55,-0.4081213296562818,1
-0.155,0.03,0.02,56,-0.39788001794568256,1
-0.155,0.03,0.02,57,-0.40520485484201724,1
-0.155,0.03,0.02,58,-0.40733985329782096,1
-0.155,0.03,0.02,59,-0.40471650635843115,1
-0.155,0.03,0.1,0,0.20387795207804993,0
-0.155,0.03,0.1,1,-0.4018381865613094,1
-0.155,0.03,0.1,2,-0.3994004047571951,1
-0.155,0.03,0.1,3,-0.4062887633283433,1
-0.155,0.03,0.1,4,-0.39311366928185754,1
-0.155,0.03,0.1,5,-0.39030863416680667,1
-0.155,0.03,0.1,6,-0.40775793604365107,1
-0.155,0.03,0.1,7,-0.39867127946031106,1
-0.155,0.03,0.1,8,-0.39946183992705486,1
-0.155,0.03,0.1,9,-0.40227660826752865,1
-0.155,0.03,0.1,10,-0.39598497007232275,1
-0.155,0.03,0.1,11,-0.3825370300734919,1
-0.155,0.03,0.1,12,-0.40722072188581004,1
-0.155,0.03,0.1,13,-0.39350018347286553,1
-0.155,0.03,0.1,14,-0.4032049151467415,1
-0.155,0.03,0.1,15,-0.4020291370861753,1
-0.155,0.03,0.1,16,-0.40027256120608945,1
-0.155,0.03,0.1,17,-0.392834836140948,1
-0.155,0.03,0.1,18,-0.3758750071385591,1
-0.155,0.03,0.1,19,-0.4069383766774803,1
-0.155,0.03,0.1,20,-0.4005297994392053,1
-0.155,0.03,0.1,21,-0.40233365197708815,1
-0.155,0.03,0.1,22,-0.40836461711947225,1
-0.155,0.03,0.1,23,-0.4058094101787667,1
-0.155,0.03,0.1,24,-0.40464979848928223,1
-0.155,0.03,0.1,25,-0.40394703148522954,1
-0.155,0.03,0.1,26,-0.40307638828897385,1
-0.155,0.03,0.1,27,-0.4039475221876561,1
-0.155,0.03,0.1,28,-0.40644720298615433,1
-0.155,0.03,0.1,29,-0.38155087812908955,1
-0.155,0.03,0.1,30,-0.40482934864827264,1
-0.155,0.03,0.1,31,-0.4057850058072443,1
-0.155,0.03,0.1,32,-0.40336340330629517,1
-0.155,0.03,0.1,33,-0.4069638757570002,1
-0.155,0.03,0.1,34,-0.4070844404889525,1
-0.155,0.03,0.1,35,-0.40674643590835424,1
-0.155,0.03,0.1,36,-0.39843853585465255,1
-0.155,0.03,0.1,37,-0.4082518934176817,1
-0.155,0.03,0.1,38,-0.4080263491514886,1
-0.155,0.03,0.1,39,-0.40802954764259697,1
-0.155,0.03,0.1,40,-0.40670285316564797,1
-0.155,0.03,0.1,41,-0.3887840072084659,1
-0.155,0.03,0.1,42,-0.39109843656301596,1
-0.155,0.03,0.1,43,-0.404587821384573,1
-0.155,0.03,0.1,44,-0.4018770369454544,1
-0.155,0.03,0.1,45,-0.3872699367717365,1
-0.155,0.03,0.1,46,-0.4036177556154754,1
-0.155,0.03,0.1,47,-0.4025359157679245,1
-0.155,0.03,0.1,48,-0.3966650873682321,1
-0.155,0.03,0.1,49,-0.4010757912086026,1
-0.155,0.03,0.1,50,-0.38538587537466384,1
-0.155,0.03,0.1,51,-0.4030168222002626,1
-0.155,0.03,0.1,52,-0.40384103124114734,1
-0.155,0.03,0.1,53,-0.4080795556327462,1
-0.155,0.03,0.1,54,-0.40484369407172527,1
-0.155,0.03,0.1,55,-0.39466800297712473,1
-0.155,0.03,0.1,56,-0.395161045044368,1
-0.155,0.03,0.1,57,-0.3996803646467542,1
-0.155,0.03,0.1,58,-0.40285133933535466,1
-0.155,0.03,0.1,59,-0.4059171099236691,1
-0.155,0.03,0.3,0,-0.4025148427782382,1
-0.155,0.03,0.3,1,-0.40153898916965897,1
-0.155,0.03,0.3,2,0.19282089673522726,0
-0.155,0.03,0.3,3,-0.39461536157963023,1
-0.155,0.03,0.3,4,-0.3721277449418749,1
-0.155,0.03,0.3,5,-0.4029553637123802,1
-0.155,0.03,0.3,6,-0.3816871328525452,1
-0.155,0.03,0.3,7,-0.40741533300976307,1
-0.155,0.03,0.3,8,-0.4059933564341542,1
-0.155,0.03,0.3,9,-0.40136437863193936,1
-0.155,0.03,0.3,10,-0.40205558688521725,1
-0.155,0.03,0.3,11,-0.3747552155954762,1
-0.155,0.03,0.3,12,-0.4054651296990056,1
-0.155,0.03,0.3,13,-0.38802563142545454,1
-0.155,0.03,0.3,14,-0.3922100704110145,1
-0.155,0.03,0.3,15,-0.3776877498859346,1
-0.155,0.03,0.3,16,-0.38712624070902213,1
-0.155,0.03,0.3,17,-0.4079565747037064,1
-0.155,0.03,0.3,18,-0.4045491353600608,1
-0.155,0.03,0.3,19,-0.40504242509883254,1
-0.155,0.03,0.3,20,-0.3702218937679928,1
-0.155,0.03,0.3,21,-0.36742017502744917,1
-0.155,0.03,0.3,22,-0.4073291804907275,1
-0.155,0.03,0.3,23,-0.40738560014033737,1
-0.155,0.03,0.3,24,-0.3812628741467206,1
-0.155,0.03,0.3,25,-0.40724441210326073,1
-0.155,0.03,0.3,26,-0.38291365118528575,1
-0.155,0.03,0.3,27,-0.4047153287707525,1
-0.155,0.03,0.3,28,-0.2921500840140354,1
-0.155,0.03,0.3,29,-0.3810844502164965,1
-0.155,0.03,0.3,30,-0.3958011538184967,1
-0.155,0.03,0.3,31,-0.4022478169695722,1
-0.155,0.03,0.3,32,-0.4037818998065873,1
-0.155,0.03,0.3,33,-0.40557173839798905,1
-0.155,0.03,0.3,34,-0.39231651876158496,1
-0.155,0.03,0.3,35,-0.225762057419317,1
-0.155,0.03,0.3,36,-0.4078316382492113,1
-0.155,0.03,0.3,37,0.1901316093501761,0
-0.155,0.03,0.3,38,-0.3792779159812953,1
-0.155,0.03,0.3,39,-0.4050847646370871,1
-0.155,0.03,0.3,40,-0.37630923153877177,1
-0.155,0.03,0.3,41,-0.3941646509449355,1
-0.155,0.03,0.3,42,-0.397572267704739,1
-0.155,0.03,0.3,43,-0.39686183297110567,1
-0.155,0.03,0.3,44,-0.3678288517066851,1
-0.155,0.03,0.3,45,-0.39863886503410406,1
-0.155,0.03,0.3,46,-0.40123420245658487,1
-0.155,0.03,0.3,47,-0.37227135033192527,1
-0.155,0.03,0.3,48,-0.4075764701631706,1
-0.155,0.03,0.3,49,-0.39370114420023966,1
-0.155,0.03,0.3,50,-0.3862206670090361,1
-0.155,0.03,0.3,51,0.014152697134098335,1
-0.155,0.03,0.3,52,-0.405992931856172,1
-0.155,0.03,0.3,53,-0.3813494783264938,1
-0.155,0.03,0.3,54,-0.40081285323683497,1
-0.155,0.03,0.3,55,-0.368497443738842,1
-0.155,0.03,0.3,56,-0.40842930819823975,1
-0.155,0.03,0.3,57,-0.4064519304121946,1
-0.155,0.03,0.3,58,-0.3691953810396814,1
-0.155,0.03,0.3,59,-0.4021183570467779,1
-0.155,0.05,0.02,0,-0.40305801561080923,1
-0.155,0.05,0.02,1,-0.3831039148135391,1
-0.155,0.05,0.02,2,-0.39988810875879816,1
-0.155,0.05,0.02,3,-0.3977509858345157,1
-0.155,0.05,0.02,4,-0.3912644705016426,1
-0.155,0.05,0.02,5,-0.40178303423335204,1
-0.155,0.05,0.02,6,-0.4063169475678837,1
-0.155,0.05,0.02,7,-0.4079097421600377,1
-0.155,0.05,0.02,8,-0.4061459421480456,1
-0.155,0.05,0.02,9,-0.4064034338778311,1
-0.155,0.05,0.02,10,-0.40291464988100417,1
-0.155,0.05,0.02,11,-0.4023825143262777,1
-0.155,0.05,0.02,12,-0.40811979943792004,1
-0.155,0.05,0.02,13,-0.4009311944477581,1
-0.155,0.05,0.02,14,-0.4047687850469954,1
-0.155,0.05,0.02,15,-0.40639779749351673,1
-0.155,0.05,0.02,16,-0.4073782918656121,1
-0.155,0.05,0.02,17,-0.393448788680992,1
-0.155,0.05,0.02,18,-0.4083018196902182,1
-0.155,0.05,0.02,19,-0.408073248510775,1
-0.155,0.05,0.02,20,-0.40201421591736813,1
-0.155,0.05,0.02,21,-0.4067328907227736,1
-0.155,0.05,0.02,22,-0.4041088410265453,1
-0.155,0.05,0.02,23,-0.40590109925120904,1
-0.155,0.05,0.02,24,-0.4057046349289749,1
-0.155,0.05,0.02,25,-0.40211979851634383,1
-0.155,0.05,0.02,26,-0.4017732327057486,1
-0.155,0.05,0.02,27,-0.4080752605846453,1
-0.155,0.05,0.02,28,-0.39843997965299544,1
-0.155,0.05,0.02,29,-0.4073782475408978,1
-0.155,0.05,0.02,30,-0.39891250829067687,1
-0.155,0.05,0.02,31,-0.40150808706980445,1
-0.155,0.05,0.02,32,-0.4076294685008659,1
-0.155,0.05,0.02,33,-0.4067540786300202,1
-0.155,0.05,0.02,34,-0.4070642933448709,1
-0.155,0.05,0.02,35,-0.39908524796824707,1
-0.155,0.05,0.02,36,-0.40220338701968134,1
-0.155,0.05,0.02,37,-0.40542552701419,1
-0.155,0.05,0.02,38,-0.4056833665473541,1
-0.155,0.05,0.02,39,-0.4073462982172027,1
-0.155,0.05,0.02,40,-0.40379939904007855,1
-0.155,0.05,0.02,41,-0.4042199783604463,1
-0.155,0.05,0.02,42,-0.40201693024768453,1
-0.155,0.05,0.02,43,-0.40530490078567233,1
-0.155,0.05,0.02,44,-0.4050962472683249,1
-0.155,0.05,0.02,45,-0.40420359112960136,1
-0.155,0.05,0.02,46,-0.40480949177014836,1
-0.155,0.05,0.02,47,-0.39955243261663237,1
-0.155,0.05,0.02,48,-0.397793369441234,1
-0.155,0.05,0.02,49,-0.40752071093316583,1
-0.155,0.05,0.02,50,-0.40547983100738816,1
-0.155,0.05,0.02,51,-0.4060933805869723,1
-0.155,0.05,0.02,52,-0.4060229347912304,1
-0.155,0.05,0.02,53,-0.4038191208639754,1
-0.155,0.05,0.02,54,-0.4010917907594243,1
-0.155,0.05,0.02,55,-0.40151257995007544,1
-0.155,0.05,0.02,56,-0.40532666375616744,1
-0.155,0.05,0.02,57,-0.40659072830795867,1
-0.155,0.05,0.02,58,-0.4041966886300962,1
-0.155,0.05,0.02,59,-0.4014691824297699,1
-0.155,0.05,0.1,0,-0.40531394057219433,1
-0.155,0.05,0.1,1,-0.4025794148194442,1
-0.155,0.05,0.1,2,-0.40824908989230174,1
-0.155,0.05,0.1,3,0.1774438858866482,0
-0.155,0.05,0.1,4,-0.3938614156450478,1
-0.155,0.05,0.1,5,-0.40580424211344857,1
-0.155,0.05,0.1,6,-0.4010189987832666,1
-0.155,0.05,0.1,7,-0.4072342792940467,1
-0.155,0.05,0.1,8,-0.39718404902770066,1
-0.155,0.05,0.1,9,-0.4048475722186282,1
-0.155,0.05,0.1,10,-0.4034585224859796,1
-0.155,0.05,0.1,11,-0.40473171249922607,1
-0.155,0.05,0.1,12,-0.40751363241008864,1
-0.155,0.05,0.1,13,-0.40563889181234486,1
-0.155,0.05,0.1,14,-0.39996538903550233,1
-0.155,0.05,0.1,15,-0.37385807851303776,1
-0.155,0.05,0.1,16,-0.407007673395015,1
-0.155,0.05,0.1,17,-0.4016219184207947,1
-0.155,0.05,0.1,18,-0.40690449229006787,1
-0.155,0.05,0.1,19,-0.40785331529200397,1
-0.155,0.05,0.1,20,-0.3992582490305268,1
-0.155,0.05,0.1,21,-0.4024323074520633,1
-0.155,0.05,0.1,22,-0.4032872732226071,1
-0.155,0.05,0.1,23,-0.4017005317032605,1
-0.155,0.05,0.1,24,-0.40603445872488864,1
-0.155,0.05,0.1,25,-0.4082366665464187,1
-0.155,0.05,0.1,26,-0.40093163705626983,1
-0.155,0.05,0.1,27,-0.40698347714778416,1
-0.155,0.05,0.1,28,-0.4069805660277564,1
-0.155,0.05,0.1,29,-0.4036281417827037,1
-0.155,0.05,0.1,30,-0.40324464055425596,1
-0.155,0.05,0.1,31,-0.40676105361088244,1
-0.155,0.05,0.1,32,-0.40751899041275774,1
-0.155,0.05,0.1,33,-0.3959537697699547,1
-0.155,0.05,0.1,34,-0.40153459075491804,1
-0.155,0.05,0.1,35,-0.4082363889526233,1
-0.155,0.05,0.1,36,-0.4057751882262452,1
-0.155,0.05,0.1,37,-0.40171541899726854,1
-0.155,0.05,0.1,38,-0.40694149947501257,1
-0.155,0.05,0.1,39,-0.4007216603297307,1
-0.155,0.05,0.1,40,-0.3879712671807558,1
-0.155,0.05,0.1,41,-0.40617998679564554,1
-0.155,0.05,0.1,42,-0.40786147119600374,1
-0.155,0.05,0.1,43,-0.4043058072817783,1
-0.155,0.05,0.1,44,-0.4078772123038613,1
-0.155,0.05,0.1,45,-0.402299168984736,1
-0.155,0.05,0.1,46,-0.4014628707207616,1
-0.155,0.05,0.1,47,-0.4028066581666596,1
-0.155,0.05,0.1,48,-0.4052161365903984,1
-0.155,0.05,0.1,49,-0.4077025608054419,1
-0.155,0.05,0.1,50,-0.4066724155264428,1
-0.155,0.05,0.1,51,-0.38710881060051866,1
-0.155,0.05,0.1,52,-0.39897551496561223,1
-0.155,0.05,0.1,53,-0.40753526639992255,1
-0.155,0.05,0.1,54,-0.3848267986397448,1
-0.155,0.05,0.1,55,-0.4014046234096725,1
-0.155,0.05,0.1,56,-0.40714902061330743,1
-0.155,0.05,0.1,57,-0.40826045915734,1
-0.155,0.05,0.1,58,-0.40814888158699103,1
-0.155,0.05,0.1,59,-0.40305356074469495,1
-0.155,0.05,0.3,0,-0.4029126453708265,1
-0.155,0.05,0.3,1,-0.40060061700332766,1
-0.155,0.05,0.3,2,-0.40582526281536035,1
-0.155,0.05,0.3,3,-0.40371768614702536,1
-0.155,0.05,0.3,4,-0.40204503909800404,1
-0.155,0.05,0.3,5,0.09928153978247795,0
-0.155,0.05,0.3,6,-0.4066775297869527,1
-0.155,0.05,0.3,7,-0.4024380286303826,1
-0.155,0.05,0.3,8,-0.4077854147703472,1
-0.155,0.05,0.3,9,-0.3962520576850563,1
-0.155,0.05,0.3,10,-0.4071696505797111,1
-0.155,0.05,0.3,11,-0.40731597791274016,1
-0.155,0.05,0.3,12,-0.39890357523299014,1
-0.155,0.05,0.3,13,-0.40804751154127383,1
-0.155,0.05,0.3,14,-0.3845612223132671,1
-0.155,0.05,0.3,15,-0.4001342955851884,1
-0.155,0.05,0.3,16,-0.40806946491431095,1
-0.155,0.05,0.3,17,-0.4082044757480824,1
-0.155,0.05,0.3,18,-0.4049209761847516,1
-0.155,0.05,0.3,19,-0.4030011699512981,1
-0.155,0.05,0.3,20,-0.40638282651643987,1
-0.155,0.05,0.3,21,-0.4083617710534545,1
-0.155,0.05,0.3,22,-0.4079196764201315,1
-0.155,0.05,0.3,23,0.20387795207804993,0
-0.155,0.05,0.3,24,-0.4039943269664686,1
-0.155,0.05,0.3,25,0.20387795207804993,0
-0.155,0.05,0.3,26,-0.4068019854651134,1
-0.155,0.05,0.3,27,-0.4063602853880537,1
-0.155,0.05,0.3,28,-0.37166046520185836,1
-0.155,0.05,0.3,29,-0.40676823706639603,1
-0.155,0.05,0.3,30,-0.4018672951042046,1
-0.155,0.05,0.3,31,-0.40413045020792726,1
-0.155,0.05,0.3,32,-0.40598550459774335,1
-0.155,0.05,0.3,33,-0.40311954244488224,1
-0.155,0.05,0.3,34,-0.4044559643361723,1
-0.155,0.05,0.3,35,0.20387795207804993,0
-0.155,0.05,0.3,36,-0.40265311561985995,1
-0.155,0.05,0.3,37,-0.40716113519781955,1
-0.155,0.05,0.3,38,-0.39645763733685574,1
-0.155,0.05,0.3,39,-0.39633891136074134,1
-0.155,0.05,0.3,40,-0.40778628679454026,1
-0.155,0.05,0.3,41,-0.3956929260516255,1
-0.155,0.05,0.3,42,-0.4072297024950723,1
-0.155,0.05,0.3,43,-0.38401902485508826,1
-0.155,0.05,0.3,44,-0.4078883206525616,1
-0.155,0.05,0.3,45,-0.40789957515289654,1
-0.155,0.05,0.3,46,-0.3938561839006901,1
-0.155,0.05,0.3,47,-0.4059546340007143,1
-0.155,0.05,0.3,48,-0.3975924131326696,1
-0.155,0.05,0.3,49,-0.4032203273208503,1
-0.155,0.05,0.3,50,-0.40001062811685467,1
-0.155,0.05,0.3,51,-0.39331469339316844,1
-0.155,0.05,0.3,52,-0.40656087538061336,1
-0.155,0.05,0.3,53,-0.40815667562920266,1
-0.155,0.05,0.3,54,-0.407301844201486,1
-0.155,0.05,0.3,55,0.20387795207804993,0
-0.155,0.05,0.3,56,-0.3924859527588141,1
-0.155,0.05,0.3,57,-0.407497604942522,1
-0.155,0.05,0.3,58,-0.4042071648329594,1
-0.155,0.05,0.3,59,-0.40817482401322985,1
-0.15,0.01,0.02,0,-0.37082008314812703,1
-0.15,0.01,0.02,1,-0.37212298554807954,1
-0.15,0.01,0.02,2,-0.38234021052997746,1
-0.15,0.01,0.02,3,-0.36946462166851723,1
-0.15,0.01,0.02,4,-0.37436093551009847,1
-0.15,0.01,0.02,5,0.05757386069373971,0
-0.15,0.01,0.02,6,-0.37232238487246255,1
-0.15,0.01,0.02,7,0.18221387681099194,0
-0.15,0.01,0.02,8,-0.36998961267075153,1
-0.15,0.01,0.02,9,0.17604850419681675,0
-0.15,0.01,0.02,10,-0.3746848814320287,1
-0.15,0.01,0.02,11,0.17682619048177234,0
-0.15,0.01,0.02,12,-0.3834503618826474,1
-0.15,0.01,0.02,13,-0.3708702625026635,1
-0.15,0.01,0.02,14,-0.36759662605554294,1
-0.15,0.01,0.02,15,-0.36741386979750595,1
-0.15,0.01,0.02,16,-0.37948130586685386,1
-0.15,0.01,0.02,17,-0.3444351519845377,1
-0.15,0.01,0.02,18,-0.3672815553540099,1
-0.15,0.01,0.02,19,-0.37388868350236754,1
-0.15,0.01,0.02,20,-0.37704300335427765,1
-0.15,0.01,0.02,21,-0.3780257040583045,1
-0.15,0.01,0.02,22,-0.3766924536976117,1
-0.15,0.01,0.02,23,-0.3689897173368889,1
-0.15,0.01,0.02,24,-0.375714069595796,1
-0.15,0.01,0.02,25,-0.38145492187802515,1
-0.15,0.01,0.02,26,-0.37581737201756593,1
-0.15,0.01,0.02,27,-0.3703280928042066,1
-0.15,0.01,0.02,28,0.022882518539285412,0
-0.15,0.01,0.02,29,-0.3728961502329325,1
-0.15,0.01,0.02,30,-0.3804387179214399,1
-0.15,0.01,0.02,31,0.06085234597424777,0
-0.15,0.01,0.02,32,-0.38137573981435136,1
-0.15,0.01,0.02,33,-0.3672165953452231,1
-0.15,0.01,0.02,34,-0.37155080239343824,1
-0.15,0.01,0.02,35,-0.3744547212294829,1
-0.15,0.01,0.02,36,-0.3705575655487565,1
-0.15,0.01,0.02,37,-0.373562767552624,1
-0.15,0.01,0.02,38,-0.37050675037725384,1
-0.15,0.01,0.02,39,0.18638048354296066,0
-0.15,0.01,0.02,40,-0.31639090169110823,1
-0.15,0.01,0.02,41,-0.37605464590715115,1
-0.15,0.01,0.02,42,-0.37511894861741457,1
-0.15,0.01,0.02,43,-0.3723504498843455,1
-0.15,0.01,0.02,44,-0.37353945253334647,1
-0.15,0.01,0.02,45,0.15351102957040152,0
-0.15,0.01,0.02,46,-0.37005150698453265,1
-0.15,0.01,0.02,47,-0.3665578486741964,1
-0.15,0.01,0.02,48,-0.36916347093133295,1
-0.15,0.01,0.02,49,-0.36771419635354075,1
-0.15,0.01,0.02,50,-0.17336490206246194,1
-0.15,0.01,0.02,51,-0.37525024695846226,1
-0.15,0.01,0.02,52,-0.37479094880604685,1
-0.15,0.01,0.02,53,-0.3800157467718578,1
-0.15,0.01,0.02,54,-0.377080895282829,1
-0.15,0.01,0.02,55,-0.38197705045682767,1
-0.15,0.01,0.02,56,-0.36871095854641,1
-0.15,0.01,0.02,57,-0.37224539000224444,1
-0.15,0.01,0.02,58,-0.3743237552211733,1
-0.15,0.01,0.02,59,-0.37132536495718876,1
-0.15,0.01,0.1,0,-0.38113111667826755,1
-0.15,0.01,0.1,1,-0.3940714372171279,1
-0.15,0.01,0.1,2,-0.3497635537694407,1
-0.15,0.01,0.1,3,0.18037989867998083,0
-0.15,0.01,0.1,4,0.17851774114713373,0
-0.15,0.01,0.1,5,-0.37000389281429785,1
-0.15,0.01,0.1,6,0.18551791432208503,0
-0.15,0.01,0.1,7,0.18932084295404614,0
-0.15,0.01,0.1,8,-0.3010341364640209,1
-0.15,0.01,0.1,9,0.18744083024547803,0
-0.15,0.01,0.1,10,-0.3730515721748456,1
-0.15,0.01,0.1,11,-0.08855358562584248,1
-0.15,0.01,0.1,12,-0.34095797488631574,1
-0.15,0.01,0.1,13,-0.3900455743376773,1
-0.15,0.01,0.1,14,-0.36741063576537825,1
-0.15,0.01,0.1,15,0.1854061540085216,0
-0.15,0.01,0.1,16,0.1831379768466283,0
-0.15,0.01,0.1,17,-0.36835490401730536,1
-0.15,0.01,0.1,18,0.1853038360967911,0
-0.15,0.01,0.1,19,0.18934890605302415,0
-0.15,0.01,0.1,20,0.1807469537927697,0
-0.15,0.01,0.1,21,0.181505844060098,0
-0.15,0.01,0.1,22,-0.3728982356129767,1
-0.15,0.01,0.1,23,0.18508459807234987,0
-0.15,0.01,0.1,24,0.19084790420327544,0
-0.15,0.01,0.1,25,0.18124465830662367,0
-0.15,0.01,0.1,26,-0.37752047822900603,1
-0.15,0.01,0.1,27,-0.017275592267323503,1
-0.15,0.01,0.1,28,0.2072063835769041,0
-0.15,0.01,0.1,29,-0.33298135143822905,1
-0.15,0.01,0.1,30,-0.3674833086107147,1
-0.15,0.01,0.1,31,0.20280068475295226,0
-0.15,0.01,0.1,32,0.18763509801128506,0
-0.15,0.01,0.1,33,-0.3665909275835851,1
-0.15,0.01,0.1,34,-0.20674974938549628,1
-0.15,0.01,0.1,35,0.1632618681844764,0
-0.15,0.01,0.1,36,-0.3677766221707466,1
-0.15,0.01,0.1,37,-0.3734675270393077,1
-0.15,0.01,0.1,38,-0.36802439731736436,1
-0.15,0.01,0.1,39,0.18079897944560278,0
-0.15,0.01,0.1,40,-0.37397350731324625,1
-0.15,0.01,0.1,41,0.2061334912917542,0
-0.15,0.01,0.1,42,-0.37020045850779665,1
-0.15,0.01,0.1,43,0.18566292655688035,0
-0.15,0.01,0.1,44,0.14093418039463168,0
-0.15,0.01,0.1,45,-0.16411800713696678,1
-0.15,0.01,0.1,46,-0.3682050032963687,1
-0.15,0.01,0.1,47,-0.37252297392411443,1
-0.15,0.01,0.1,48,-0.3679755998061492,1
-0.15,0.01,0.1,49,-0.3738766798991895,1
-0.15,0.01,0.1,50,0.18970742018298642,0
-0.15,0.01,0.1,51,-0.374790769934164,1
-0.15,0.01,0.1,52,-0.37078494155829966,1
-0.15,0.01,0.1,53,0.17767566530553175,0
-0.15,0.01,0.1,54,-0.36709467604820994,1
-0.15,0.01,0.1,55,0.1952179374278763,0
-0.15,0.01,0.1,56,-0.09175194526333302,1
-0.15,0.01,0.1,57,-0.37511068093553773,1
-0.15,0.01,0.1,58,-0.3671828381731306,1
-0.15,0.01,0.1,59,-0.37663929537412105,1
-0.15,0.01,0.3,0,0.20947967495818368,0
-0.15,0.01,0.3,1,-0.21242970230754135,1
-0.15,0.01,0.3,2,-0.08451616536909745,1
-0.15,0.01,0.3,3,-0.38121873316106525,1
-0.15,0.01,0.3,4,0.20260358764965178,0
-0.15,0.01,0.3,5,0.19296912273955633,0
-0.15,0.01,0.3,6,-0.3800978418974117,1
-0.15,0.01,0.3,7,-0.004260751964743847,1
-0.15,0.01,0.3,8,-0.36915985819485553,1
-0.15,0.01,0.3,9,0.1938610916576794,0
-0.15,0.01,0.3,10,0.19735947805807869,0
-0.15,0.01,0.3,11,0.20516569137489737,0
-0.15,0.01,0.3,12,0.18622457841714898,0
-0.15,0.01,0.3,13,0.21153771600182028,0
-0.15,0.01,0.3,14,0.19815939957902465,0
-0.15,0.01,0.3,15,0.19640429865122253,0
-0.15,0.01,0.3,16,0.18610585923330994,0
-0.15,0.01,0.3,17,0.18045000687431187,0
-0.15,0.01,0.3,18,0.19795610813666042,0
-0.15,0.01,0.3,19,-0.37439895067217416,1
-0.15,0.01,0.3,20,0.17655335295842164,0
-0.15,0.01,0.3,21,0.19535787316548445,0
-0.15,0.01,0.3,22,0.18796162689445198,0
-0.15,0.01,0.3,23,-0.372787999778599,1
-0.15,0.01,0.3,24,-0.37412531118801867,1
-0.15,0.01,0.3,25,0.18792484009080207,0
-0.15,0.01,0.3,26,0.17770242142141882,0
-0.15,0.01,0.3,27,-0.3696127070813814,1
-0.15,0.01,0.3,28,-0.012862789942080455,1
-0.15,0.01,0.3,29,0.1916957495829634,0
-0.15,0.01,0.3,30,0.17844903475789903,0
-0.15,0.01,0.3,31,-0.09864348112547594,1
-0.15,0.01,0.3,32,0.010370150406786127,1
-0.15,0.01,0.3,33,-0.3806374162399668,1
-0.15,0.01,0.3,34,-0.26562859272819467,1
-0.15,0.01,0.3,35,-0.3842722224440143,1
-0.15,0.01,0.3,36,-0.37018057937764115,1
-0.15,0.01,0.3,37,0.1373980873933589,0
-0.15,0.01,0.3,38,0.17907175003891695,0
-0.15,0.01,0.3,39,-0.3677284212530625,1
-0.15,0.01,0.3,40,0.20034616208695946,0
-0.15,0.01,0.3,41,-0.3780054398136488,1
-0.15,0.01,0.3,42,0.20833028051648558,0
-0.15,0.01,0.3,43,0.1858526070688667,0
-0.15,0.01,0.3,44,0.19632527895743504,0
-0.15,0.01,0.3,45,0.1942899130977106,0
-0.15,0.01,0.3,46,-0.36990781411999824,1
-0.15,0.01,0.3,47,0.04880948984209038,0
-0.15,0.01,0.3,48,0.2070862591185349,0
-0.15,0.01,0.3,49,0.18411075913246738,0
-0.15,0.01,0.3,50,0.20319139707661565,0
-0.15,0.01,0.3,51,-0.38140053850573646,1
-0.15,0.01,0.3,52,0.2065032898115849,0
-0.15,0.01,0.3,53,0.18869496047508005,0
-0.15,0.01,0.3,54,0.18824453322491763,0
-0.15,0.01,0.3,55,0.1796598259041072,0
-0.15,0.01,0.3,56,0.18084939404080594,0
-0.15,0.01,0.3,57,0.18646039893093455,0
-0.15,0.01,0.3,58,-0.3668451926970134,1
-0.15,0.01,0.3,59,-0.37512912679924637,1
-0.15,0.03,0.02,0,-0.40787620659723683,1
-0.15,0.03,0.02,1,-0.39469932821218207,1
-0.15,0.03,0.02,2,-0.40317679108692056,1
-0.15,0.03,0.02,3,-0.40577232903580124,1
-0.15,0.03,0.02,4,-0.4069465423853104,1
-0.15,0.03,0.02,5,-0.4075358908394646,1
-0.15,0.03,0.02,6,-0.4066065953383203,1
-0.15,0.03,0.02,7,-0.40319654183666437,1
-0.15,0.03,0.02,8,-0.40601721317729444,1
-0.15,0.03,0.02,9,-0.4082938652612607,1
-0.15,0.03,0.02,10,-0.40359704398514196,1
-0.15,0.03,0.02,11,-0.4026056812186698,1
-0.15,0.03,0.02,12,-0.4081369954871364,1
-0.15,0.03,0.02,13,-0.40670108411922956,1
-0.15,0.03,0.02,14,-0.4046225755378665,1
-0.15,0.03,0.02,15,-0.4006345114476161,1
-0.15,0.03,0.02,16,-0.40159304713257193,1
-0.15,0.03,0.02,17,-0.40627172708024234,1
-0.15,0.03,0.02,18,-0.40817470376896026,1
-0.15,0.03,0.02,19,-0.40637515275150193,1
-0.15,0.03,0.02,20,-0.4078151134480326,1
-0.15,0.03,0.02,21,-0.40544408959321565,1
-0.15,0.03,0.02,22,-0.39701552662484163,1
-0.15,0.03,0.02,23,-0.408390167092146,1
-0.15,0.03,0.02,24,-0.4041124856633534,1
-0.15,0.03,0.02,25,-0.3996552240121008,1
-0.15,0.03,0.02,26,-0.4021340786251199,1
-0.15,0.03,0.02,27,-0.4052394459087493,1
-0.15,0.03,0.02,28,-0.3946614897852855,1
-0.15,0.03,0.02,29,-0.3936053095088721,1
-0.15,0.03,0.02,30,-0.40558245504533547,1
-0.15,0.03,0.02,31,-0.403379755509866,1
-0.15,0.03,0.02,32,-0.40172771327632745,1
-0.15,0.03,0.02,33,-0.40094105601650937,1
-0.15,0.03,0.02,34,-0.40602690537683117,1
-0.15,0.03,0.02,35,-0.405194928378249,1
-0.15,0.03,0.02,36,-0.40777205427515995,1
-0.15,0.03,0.02,37,-0.3960283546565889,1
-0.15,0.03,0.02,38,-0.4057432514842307,1
-0.15,0.03,0.02,39,-0.40435393243389073,1
-0.15,0.03,0.02,40,-0.4045535755889281,1
-0.15,0.03,0.02,41,-0.40615121610244126,1
-0.15,0.03,0.02,42,-0.4018546351431212,1
-0.15,0.03,0.02,43,-0.398926191113015,1
-0.15,0.03,0.02,44,-0.40820315289310594,1
-0.15,0.03,0.02,45,-0.3964479438584338,1
-0.15,0.03,0.02,46,-0.4029668309933463,1
-0.15,0.03,0.02,47,-0.4029746682124453,1
-0.15,0.03,0.02,48,-0.40063576611158425,1
-0.15,0.03,0.02,49,-0.3889069344186382,1
-0.15,0.03,0.02,50,-0.40581845796510735,1
-0.15,0.03,0.02,51,-0.38847080694784175,1
-0.15,0.03,0.02,52,-0.4042807864173652,1
-0.15,0.03,0.02,53,-0.4049886441882469,1
-0.15,0.03,0.02,54,-0.4056462839750521,1
-0.15,0.03,0.02,55,-0.400912594909035,1
-0.15,0.03,0.02,56,-0.40402691286748854,1
-0.15,0.03,0.02,57,-0.40381857245538993,1
-0.15,0.03,0.02,58,-0.40595970220003164,1
-0.15,0.03,0.02,59,-0.4045323115068158,1
-0.15,0.03,0.1,0,-0.3922642129645127,1
-0.15,0.03,0.1,1,-0.399626861653102,1
-0.15,0.03,0.1,2,-0.40363953195078134,1
-0.15,0.03,0.1,3,-0.39772874685523785,1
-0.15,0.03,0.1,4,-0.3941145131543752,1
-0.15,0.03,0.1,5,-0.40833772002078145,1
-0.15,0.03,0.1,6,-0.40384773743617364,1
-0.15,0.03,0.1,7,-0.408111214609104,1
-0.15,0.03,0.1,8,-0.4061196377524891,1
-0.15,0.03,0.1,9,-0.38572530379520836,1
-0.15,0.03,0.1,10,-0.39399327607507767,1
-0.15,0.03,0.1,11,-0.4082712530147861,1
-0.15,0.03,0.1,12,-0.4078184749367387,1
-0.15,0.03,0.1,13,-0.3943116355502743,1
-0.15,0.03,0.1,14,-0.40779036463649115,1
-0.15,0.03,0.1,15,-0.4007287726841414,1
-0.15,0.03,0.1,16,-0.4042791548674409,1
-0.15,0.03,0.1,17,-0.401880941653886,1
-0.15,0.03,0.1,18,-0.40273625964545395,1
-0.15,0.03,0.1,19,-0.39799755234824036,1
-0.15,0.03,0.1,20,-0.40258628452255696,1
-0.15,0.03,0.1,21,-0.40763846192160846,1
-0.15,0.03,0.1,22,-0.3984666377303888,1
-0.15,0.03,0.1,23,-0.4082137432482662,1
-0.15,0.03,0.1,24,-0.385896483961875,1
-0.15,0.03,0.1,25,-0.4067618982623977,1
-0.15,0.03,0.1,26,-0.4012320983703571,1
-0.15,0.03,0.1,27,-0.39758048022419107,1
-0.15,0.03,0.1,28,-0.38799885488434027,1
-0.15,0.03,0.1,29,-0.4083687172354183,1
-0.15,0.03,0.1,30,-0.4055192473217213,1
-0.15,0.03,0.1,31,-0.3936213543536807,1
-0.15,0.03,0.1,32,-0.4058052507075923,1
-0.15,0.03,0.1,33,-0.4082904349428486,1
-0.15,0.03,0.1,34,-0.4019123828997033,1
-0.15,0.03,0.1,35,-0.39221059759741383,1
-0.15,0.03,0.1,36,-0.39864966453803047,1
-0.15,0.03,0.1,37,-0.40253378527256833,1
-0.15,0.03,0.1,38,-0.40263221354218204,1
-0.15,0.03,0.1,39,-0.3996368591194702,1
-0.15,0.03,0.1,40,-0.371112213890365,1
-0.15,0.03,0.1,41,-0.40528855780776946,1
-0.15,0.03,0.1,42,-0.38892342489332526,1
-0.15,0.03,0.1,43,-0.3826622070909071,1
-0.15,0.03,0.1,44,-0.39868552273051894,1
-0.15,0.03,0.1,45,-0.4060071129304584,1
-0.15,0.03,0.1,46,-0.38349368329565586,1
-0.15,0.03,0.1,47,-0.3983046449953214,1
-0.15,0.03,0.1,48,-0.406174139049235,1
-0.15,0.03,0.1,49,-0.4058179976211926,1
-0.15,0.03,0.1,50,-0.3915576621654786,1
-0.15,0.03,0.1,51,-0.4064454338785796,1
-0.15,0.03,0.1,52,-0.40505137843503597,1
-0.15,0.03,0.1,53,-0.4080961626899518,1
-0.15,0.03,0.1,54,-0.3738639229240858,1
-0.15,0.03,0.1,55,-0.3981510167250901,1
-0.15,0.03,0.1,56,-0.4026219095879341,1
-0.15,0.03,0.1,57,-0.4083596494941523,1
-0.15,0.03,0.1,58,-0.40831468105941343,1
-0.15,0.03,0.1,59,-0.39220103261057915,1
-0.15,0.03,0.3,0,-0.3880398389513135,1
-0.15,0.03,0.3,1,-0.389786556013076,1
-0.15,0.03,0.3,2,-0.3813996198673386,1
-0.15,0.03,0.3,3,-0.40510927115819984,1
-0.15,0.03,0.3,4,-0.37836069665418814,1
-0.15,0.03,0.3,5,-0.4059992567827176,1
-0.15,0.03,0.3,6,-0.39163804277822784,1
-0.15,0.03,0.3,7,-0.38837883069575363,1
-0.15,0.03,0.3,8,-0.39905100740102495,1
-0.15,0.03,0.3,9,-0.37388009669396605,1
-0.15,0.03,0.3,10,-0.40828808716650217,1
-0.15,0.03,0.3,11,-0.23124080825661217,1
-0.15,0.03,0.3,12,0.21635165413041213,0
-0.15,0.03,0.3,13,0.21635165413041213,0
-0.15,0.03,0.3,14,-0.3902258311402996,1
-0.15,0.03,0.3,15,-0.40090341115028466,1
-0.15,0.03,0.3,16,-0.3691249489303297,1
-0.15,0.03,0.3,17,-0.3815333640066312,1
-0.15,0.03,0.3,18,-0.3853557665239653,1
-0.15,0.03,0.3,19,-0.40006825518578304,1
-0.15,0.03,0.3,20,-0.4075202470393131,1
-0.15,0.03,0.3,21,-0.3977349419686617,1
-0.15,0.03,0.3,22,-0.4076965282023648,1
-0.15,0.03,0.3,23,0.19320868421878595,0
-0.15,0.03,0.3,24,0.21635165413041213,0
-0.15,0.03,0.3,25,-0.40419451829002895,1
-0.15,0.03,0.3,26,-0.4081237663348867,1
-0.15,0.03,0.3,27,-0.3930352462585625,1
-0.15,0.03,0.3,28,-0.39562147065608594,1
-0.15,0.03,0.3,29,-0.4061231483452892,1
-0.15,0.03,0.3,30,-0.3724806675176409,1
-0.15,0.03,0.3,31,-0.3694165971656931,1
-0.15,0.03,0.3,32,-0.3911693467378429,1
-0.15,0.03,0.3,33,-0.40283752004993995,1
-0.15,0.03,0.3,34,-0.403226701172079,1
-0.15,0.03,0.3,35,-0.38156809474260284,1
-0.15,0.03,0.3,36,-0.4051818783862296,1
-0.15,0.03,0.3,37,-0.1333296918872439,1
-0.15,0.03,0.3,38,-0.40631940893066837,1
-0.15,0.03,0.3,39,-0.40760317516283934,1
-0.15,0.03,0.3,40,-0.39670183071434445,1
-0.15,0.03,0.3,41,-0.38535677779279764,1
-0.15,0.03,0.3,42,-0.4029424234784397,1
-0.15,0.03,0.3,43,-0.4071431196924062,1
-0.15,0.03,0.3,44,-0.40199901801453763,1
-0.15,0.03,0.3,45,-0.40727273646064927,1
-0.15,0.03,0.3,46,-0.3751505241803319,1
-0.15,0.03,0.3,47,-0.4018878778907244,1
-0.15,0.03,0.3,48,-0.4043942940364606,1
-0.15,0.03,0.3,49,-0.4046800418067199,1
-0.15,0.03,0.3,50,-0.40288389274200076,1
-0.15,0.03,0.3,51,-0.40460857053762467,1
-0.15,0.03,0.3,52,-0.39103147304129077,1
-0.15,0.03,0.3,53,-0.38058063283832844,1
-0.15,0.03,0.3,54,-0.39439508671769136,1
-0.15,0.03,0.3,55,-0.4039331140884309,1
-0.15,0.03,0.3,56,-0.4080626657588526,1
-0.15,0.03,0.3,57,-0.37503093038747204,1
-0.15,0.03,0.3,58,-0.3858587977164275,1
-0.15,0.03,0.3,59,-0.4053700835287618,1
-0.15,0.05,0.02,0,-0.4073804815176036,1
-0.15,0.05,0.02,1,-0.4074754984205751,1
-0.15,0.05,0.02,2,-0.40113144695559694,1
-0.15,0.05,0.02,3,-0.40731005245852,1
-0.15,0.05,0.02,4,-0.4029191368216317,1
-0.15,0.05,0.02,5,-0.40279559173691437,1
-0.15,0.05,0.02,6,-0.4057884738646166,1
-0.15,0.05,0.02,7,-0.40770433119064897,1
-0.15,0.05,0.02,8,-0.4073506012673659,1
-0.15,0.05,0.02,9,-0.38642916455580106,1
-0.15,0.05,0.02,10,-0.4081898887854249,1
-0.15,0.05,0.02,11,-0.39962490781659676,1
-0.15,0.05,0.02,12,-0.406295658955261,1
-0.15,0.05,0.02,13,-0.4022736194445948,1
-0.15,0.05,0.02,14,-0.39338150636835684,1
-0.15,0.05,0.02,15,-0.38795193220490654,1
-0.15,0.05,0.02,16,-0.40708456274817223,1
-0.15,0.05,0.02,17,-0.4057799939072772,1
-0.15,0.05,0.02,18,-0.3999289203997916,1
-0.15,0.05,0.02,19,-0.4018775762256916,1
-0.15,0.05,0.02,20,-0.40575521574156787,1
-0.15,0.05,0.02,21,-0.40649645561883546,1
-0.15,0.05,0.02,22,-0.40646471405394574,1
-0.15,0.05,0.02,23,-0.40159920896962026,1
-0.15,0.05,0.02,24,-0.40758224303534746,1
-0.15,0.05,0.02,25,-0.4064586159306466,1
-0.15,0.05,0.02,26,-0.4043142460076948,1
-0.15,0.05,0.02,27,-0.4008589117083687,1
-0.15,0.05,0.02,28,-0.4057205047603517,1
-0.15,0.05,0.02,29,-0.40006476928685647,1
-0.15,0.05,0.02,30,-0.4054680280058417,1
-0.15,0.05,0.02,31,-0.4008868413170494,1
-0.15,0.05,0.02,32,-0.4066312058928517,1
-0.15,0.05,0.02,33,-0.40354188469225427,1
-0.15,0.05,0.02,34,-0.4075331348637857,1
-0.15,0.05,0.02,35,-0.40663304118162785,1
-0.15,0.05,0.02,36,-0.40328416857141847,1
-0.15,0.05,0.02,37,-0.40348071515869977,1
-0.15,0.05,0.02,38,-0.4079853723845482,1
-0.15,0.05,0.02,39,-0.4064577662222537,1
-0.15,0.05,0.02,40,-0.4008097019049596,1
-0.15,0.05,0.02,41,-0.40385396875699386,1
-0.15,0.05,0.02,42,-0.40818943202482594,1
-0.15,0.05,0.02,43,-0.40596403606546944,1
-0.15,0.05,0.02,44,-0.3977790456212017,1
-0.15,0.05,0.02,45,-0.3882386878001461,1
-0.15,0.05,0.02,46,-0.4021177699347078,1
-0.15,0.05,0.02,47,-0.40591783832594164,1
-0.15,0.05,0.02,48,-0.40744962276809943,1
-0.15,0.05,0.02,49,-0.40235811806092364,1
-0.15,0.05,0.02,50,-0.3990625816503117,1
-0.15,0.05,0.02,51,-0.40713608406948815,1
-0.15,0.05,0.02,52,-0.3963390552577288,1
-0.15,0.05,0.02,53,-0.39582858714322083,1
-0.15,0.05,0.02,54,-0.407579675822037,1
-0.15,0.05,0.02,55,-0.40752849075900427,1
-0.15,0.05,0.02,56,-0.4027312173949304,1
-0.15,0.05,0.02,57,-0.40435615199652714,1
-0.15,0.05,0.02,58,-0.4047211088667075,1
-0.15,0.05,0.02,59,-0.4083580331190835,1
-0.15,0.05,0.1,0,-0.4030364654661508,1
-0.15,0.05,0.1,1,-0.3832909547808859,1
-0.15,0.05,0.1,2,-0.408423650437392,1
-0.15,0.05,0.1,3,-0.40624640248106997,1
-0.15,0.05,0.1,4,-0.3947939577004238,1
-0.15,0.05,0.1,5,-0.3918610605207688,1
-0.15,0.05,0.1,6,-0.39859775584262636,1
-0.15,0.05,0.1,7,-0.40604366118474394,1
-0.15,0.05,0.1,8,-0.407693404274196,1
-0.15,0.05,0.1,9,-0.40113878849199974,1
-0.15,0.05,0.1,10,-0.40074380208661387,1
-0.15,0.05,0.1,11,-0.40787563671042865,1
-0.15,0.05,0.1,12,-0.4020315133471521,1
-0.15,0.05,0.1,13,-0.4019666000554781,1
-0.15,0.05,0.1,14,-0.3995659884449143,1
-0.15,0.05,0.1,15,0.1805976028044045,0
-0.15,0.05,0.1,16,-0.39875154772407545,1
-0.15,0.05,0.1,17,-0.403120802954853,1
-0.15,0.05,0.1,18,-0.39993530791070975,1
-0.15,0.05,0.1,19,-0.40836570371797287,1
-0.15,0.05,0.1,20,-0.4080176610976408,1
-0.15,0.05,0.1,21,-0.3961752025248884,1
-0.15,0.05,0.1,22,-0.40392103022455533,1
-0.15,0.05,0.1,23,-0.40638769263752605,1
-0.15,0.05,0.1,24,-0.40822454630645455,1
-0.15,0.05,0.1,25,-0.4080523536924844,1
-0.15,0.05,0.1,26,-0.40296169799161174,1
-0.15,0.05,0.1,27,-0.4078961160903479,1
-0.15,0.05,0.1,28,-0.3856029744818552,1
-0.15,0.05,0.1,29,-0.4024676918313544,1
-0.15,0.05,0.1,30,-0.4081681685592978,1
-0.15,0.05,0.1,31,-0.4069954084593582,1
-0.15,0.05,0.1,32,-0.3768959630946182,1
-0.15,0.05,0.1,33,-0.40326093290156784,1
-0.15,0.05,0.1,34,-0.40521661993407304,1
-0.15,0.05,0.1,35,-0.40655171313492133,1
-0.15,0.05,0.1,36,-0.39769597583028604,1
-0.15,0.05,0.1,37,-0.4033726731328388,1
-0.15,0.05,0.1,38,-0.40529498491480886,1
-0.15,0.05,0.1,39,-0.40117194328250994,1
-0.15,0.05,0.1,40,-0.40168215747488933,1
-0.15,0.05,0.1,41,-0.4071217530927807,1
-0.15,0.05,0.1,42,-0.38210024921306723,1
-0.15,0.05,0.1,43,-0.4079058631099125,1
-0.15,0.05,0.1,44,-0.4057466227212478,1
-0.15,0.05,0.1,45,-0.40800556340340816,1
-0.15,0.05,0.1,46,-0.40556189660365927,1
-0.15,0.05,0.1,47,-0.40032603070672235,1
-0.15,0.05,0.1,48,-0.39167194809546807,1
-0.15,0.05,0.1,49,-0.40764514090513376,1
-0.15,0.05,0.1,50,-0.40200722844429143,1
-0.15,0.05,0.1,51,-0.4083792537436217,1
-0.15,0.05,0.1,52,-0.40219771975795365,1
-0.15,0.05,0.1,53,-0.37678331736070725,1
-0.15,0.05,0.1,54,-0.4021295602291048,1
-0.15,0.05,0.1,55,-0.40448530330221344,1
-0.15,0.05,0.1,56,-0.4019299860436743,1
-0.15,0.05,0.1,57,-0.40504562586249176,1
-0.15,0.05,0.1,58,-0.4058439163950697,1
-0.15,0.05,0.1,59,-0.3986778762655112,1
-0.15,0.05,0.3,0,-0.40686735856056705,1
-0.15,0.05,0.3,1,-0.40596365137283374,1
-0.15,0.05,0.3,2,-0.4046955144671986,1
-0.15,0.05,0.3,3,-0.3987715327819022,1
-0.15,0.05,0.3,4,-0.4072978649503662,1
-0.15,0.05,0.3,5,-0.40566147541911024,1
-0.15,0.05,0.3,6,-0.40434177201018207,1
-0.15,0.05,0.3,7,-0.40398519221866447,1
-0.15,0.05,0.3,8,-0.4026092194679534,1
-0.15,0.05,0.3,9,-0.3988866712307345,1
-0.15,0.05,0.3,10,-0.3780162159937909,1
-0.15,0.05,0.3,11,-0.4053350191257812,1
-0.15,0.05,0.3,12,0.20012800175312398,0
-0.15,0.05,0.3,13,-0.40451789453529197,1
-0.15,0.05,0.3,14,-0.3892197243300233,1
-0.15,0.05,0.3,15,-0.4068044374789884,1
-0.15,0.05,0.3,16,-0.37460597389417477,1
-0.15,0.05,0.3,17,-0.4054673329498406,1
-0.15,0.05,0.3,18,-0.4067789855246876,1
-0.15,0.05,0.3,19,-0.4013689906592308,1
-0.15,0.05,0.3,20,-0.40472525102921936,1
-0.15,0.05,0.3,21,-0.3758348190830577,1
-0.15,0.05,0.3,22,-0.40120323154188237,1
-0.15,0.05,0.3,23,-0.38694309742585153,1
-0.15,0.05,0.3,24,-0.408169421329384,1
-0.15,0.05,0.3,25,-0.38277034378375646,1
-0.15,0.05,0.3,26,-0.4048532506917948,1
-0.15,0.05,0.3,27,-0.3713236556433604,1
-0.15,0.05,0.3,28,-0.4016452148397846,1
-0.15,0.05,0.3,29,-0.40543099671548943,1
-0.15,0.05,0.3,30,-0.40157497169068007,1
-0.15,0.05,0.3,31,-0.4080213976420144,1
-0.15,0.05,0.3,32,-0.40019866679127725,1
-0.15,0.05,0.3,33,-0.3833547464798645,1
-0.15,0.05,0.3,34,-0.40711973828317943,1
-0.15,0.05,0.3,35,-0.3817106932040809,1
-0.15,0.05,0.3,36,-0.3968377294808776,1
-0.15,0.05,0.3,37,-0.4075188648423293,1
-0.15,0.05,0.3,38,-0.39639702721757164,1
-0.15,0.05,0.3,39,-0.4041356686738711,1
-0.15,0.05,0.3,40,0.21315273368233353,0
-0.15,0.05,0.3,41,-0.4046831422789375,1
-0.15,0.05,0.3,42,-0.4047480324192053,1
-0.15,0.05,0.3,43,-0.406887644196447,1
-0.15,0.05,0.3,44,-0.39549414319094245,1
-0.15,0.05,0.3,45,-0.40606283872554294,1
-0.15,0.05,0.3,46,-0.391437843967839,1
-0.15,0.05,0.3,47,-0.408150999834278,1
-0.15,0.05,0.3,48,-0.4068459670088535,1
-0.15,0.05,0.3,49,-0.4047294287315339,1
-0.15,0.05,0.3,50,-0.3895389018076663,1
-0.15,0.05,0.3,51,-0.40422935329883586,1
-0.15,0.05,0.3,52,-0.4077444259982765,1
-0.15,0.05,0.3,53,-0.40579375828494985,1
-0.15,0.05,0.3,54,-0.40448904943024994,1
-0.15,0.05,0.3,55,-0.40731969082970254,1
-0.15,0.05,0.3,56,0.19888044557435494,0
-0.15,0.05,0.3,57,-0.4083221592434117,1
-0.15,0.05,0.3,58,-0.40265064799418465,1
-0.15,0.05,0.3,59,0.21635165413041213,0
-0.145,0.01,0.02,0,0.05589567813000079,0
-0.145,0.01,0.02,1,-0.36780079551611405,1
-0.145,0.01,0.02,2,-0.3726521087418287,1
-0.145,0.01,0.02,3,-0.3723492456137235,1
-0.145,0.01,0.02,4,0.18923980820460198,0
-0.145,0.01,0.02,5,-0.37403541453291334,1
-0.145,0.01,0.02,6,0.18422915194562117,0
-0.145,0.01,0.02,7,0.18554966967317427,0
-0.145,0.01,0.02,8,-0.3701666498340957,1
-0.145,0.01,0.02,9,-0.3692166917255513,1
-0.145,0.01,0.02,10,-0.3850194152826541,1
-0.145,0.01,0.02,11,-0.36265107320536455,1
-0.145,0.01,0.02,12,-0.37168811137070384,1
-0.145,0.01,0.02,13,-0.3721714760358832,1
-0.145,0.01,0.02,14,0.178249495214436,0
-0.145,0.01,0.02,15,0.18855485287209114,0
-0.145,0.01,0.02,16,-0.37306622065475475,1
-0.145,0.01,0.02,17,-0.3690811653728244,1
-0.145,0.01,0.02,18,-0.37115454723072544,1
-0.145,0.01,0.02,19,0.1878311652510557,0
-0.145,0.01,0.02,20,0.18795870872256573,0
-0.145,0.01,0.02,21,0.12961871453013307,0
-0.145,0.01,0.02,22,0.19052983421321965,0
-0.145,0.01,0.02,23,0.1806887684430125,0
-0.145,0.01,0.02,24,0.186183779472638,0
-0.145,0.01,0.02,25,0.12711259881419112,0
-0.145,0.01,0.02,26,0.17581273272997558,0
-0.145,0.01,0.02,27,-0.2213689688620867,1
-0.145,0.01,0.02,28,-0.36706470957333,1
-0.145,0.01,0.02,29,-0.3803013164291029,1
-0.145,0.01,0.02,30,0.006396507942956209,1
-0.145,0.01,0.02,31,0.019799126669590772,1
-0.145,0.01,0.02,32,0.1800840354267907,0
-0.145,0.01,0.02,33,-0.37221183702433897,1
-0.145,0.01,0.02,34,0.18747716708265375,0
-0.145,0.01,0.02,35,-0.30878126463320554,1
-0.145,0.01,0.02,36,-0.3672240624522912,1
-0.145,0.01,0.02,37,0.1810299363007315,0
-0.145,0.01,0.02,38,-0.3773993784034607,1
-0.145,0.01,0.02,39,-0.3763137655566121,1
-0.145,0.01,0.02,40,0.0010247474190227535,1
-0.145,0.01,0.02,41,0.18022849617181355,0
-0.145,0.01,0.02,42,0.18266830423203556,0
-0.145,0.01,0.02,43,0.18182761159537128,0
-0.145,0.01,0.02,44,0.17645179416705764,0
-0.145,0.01,0.02,45,0.08807569641389346,0
-0.145,0.01,0.02,46,-0.3173197150498207,1
-0.145,0.01,0.02,47,0.18861724125878856,0
-0.145,0.01,0.02,48,0.18020236841161957,0
-0.145,0.01,0.02,49,0.1881613053941754,0
-0.145,0.01,0.02,50,0.17956826311515192,0
-0.145,0.01,0.02,51,0.17522397515943422,0
-0.145,0.01,0.02,52,0.18721874838433397,0
-0.145,0.01,0.02,53,0.1758340658487588,0
-0.145,0.01,0.02,54,0.18235290663489645,0
-0.145,0.01,0.02,55,0.1768645320831549,0
-0.145,0.01,0.02,56,-0.379886942299068,1
-0.145,0.01,0.02,57,0.18310188633158142,0
-0.145,0.01,0.02,58,0.17701727845755713,0
-0.145,0.01,0.02,59,0.1854346959468202,0
-0.145,0.01,0.1,0,0.1780153480819079,0
-0.145,0.01,0.1,1,-0.3730311158824835,1
-0.145,0.01,0.1,2,0.15683684795116914,0
-0.145,0.01,0.1,3,0.186638366379172,0
-0.145,0.01,0.1,4,0.18233637822779022,0
-0.145,0.01,0.1,5,0.18578122551999682,0
-0.145,0.01,0.1,6,0.20032478614018998,0
-0.145,0.01,0.1,7,0.19170494770119026,0
-0.145,0.01,0.1,8,0.18647658498624342,0
-0.145,0.01,0.1,9,0.18818228720670946,0
-0.145,0.01,0.1,10,0.17573237328098434,0
-0.145,0.01,0.1,11,0.20132932910368914,0
-0.145,0.01,0.1,12,0.18860783568424802,0
-0.145,0.01,0.1,13,-0.18877324749667523,1
-0.145,0.01,0.1,14,0.1795643743564737,0
-0.145,0.01,0.1,15,-0.34281096661741334,1
-0.145,0.01,0.1,16,0.18895134471964975,0
-0.145,0.01,0.1,17,-0.3713797715017165,1
-0.145,0.01,0.1,18,0.17749910782173026,0
-0.145,0.01,0.1,19,0.17953901825681495,0
-0.145,0.01,0.1,20,-0.31412491890637156,1
-0.145,0.01,0.1,21,-0.36732433599717573,1
-0.145,0.01,0.1,22,0.18363955687637412,0
-0.145,0.01,0.1,23,-0.36658474772755484,1
-0.145,0.01,0.1,24,0.1809745081805178,0
-0.145,0.01,0.1,25,-0.3736212709624632,1
-0.145,0.01,0.1,26,-0.3712831733348118,1
-0.145,0.01,0.1,27,-0.1561689855696502,1
-0.145,0.01,0.1,28,-0.37512278251256326,1
-0.145,0.01,0.1,29,-0.3710581489778823,1
-0.145,0.01,0.1,30,-0.37522085705775665,1
-0.145,0.01,0.1,31,-0.23345545228314551,1
-0.145,0.01,0.1,32,-0.36820685787304414,1
-0.145,0.01,0.1,33,0.19368650957430966,0
-0.145,0.01,0.1,34,0.1787184462702667,0
-0.145,0.01,0.1,35,-0.3724033998124624,1
-0.145,0.01,0.1,36,0.18018806489401665,0
-0.145,0.01,0.1,37,0.14931082607612434,0
-0.145,0.01,0.1,38,-0.37750031108577714,1
-0.145,0.01,0.1,39,0.19373108958400273,0
-0.145,0.01,0.1,40,0.18398068029231657,0
-0.145,0.01,0.1,41,0.1799107010415391,0
-0.145,0.01,0.1,42,0.1890892601210525,0
-0.145,0.01,0.1,43,-0.38055893690229053,1
-0.145,0.01,0.1,44,-0.36975361025323583,1
-0.145,0.01,0.1,45,-0.05065795071420348,1
-0.145,0.01,0.1,46,0.20101727021884883,0
-0.145,0.01,0.1,47,0.19139049615795323,0
-0.145,0.01,0.1,48,0.19039680950295523,0
-0.145,0.01,0.1,49,0.19290749334178262,0
-0.145,0.01,0.1,50,0.18429114957869028,0
-0.145,0.01,0.1,51,0.18558868801773235,0
-0.145,0.01,0.1,52,0.19530049034208277,0
-0.145,0.01,0.1,53,0.18084899487886244,0
-0.145,0.01,0.1,54,0.19252208499301515,0
-0.145,0.01,0.1,55,0.20661735895736252,0
-0.145,0.01,0.1,56,-0.1857436324175418,1
-0.145,0.01,0.1,57,0.18878985144290414,0
-0.145,0.01,0.1,58,0.18884468505983232,0
-0.145,0.01,0.1,59,0.17783908278827712,0
-0.145,0.01,0.3,0,0.20836343346834393,0
-0.145,0.01,0.3,1,0.21174723693705932,0
-0.145,0.01,0.3,2,0.20406815393965289,0
-0.145,0.01,0.3,3,0.2163411548401824,0
-0.145,0.01,0.3,4,0.19118247808182792,0
-0.145,0.01,0.3,5,0.20463167397481064,0
-0.145,0.01,0.3,6,0.20301120148181648,0
-0.145,0.01,0.3,7,0.19291930584759648,0
-0.145,0.01,0.3,8,0.18947660829082855,0
-0.145,0.01,0.3,9,0.18607616716798303,0
-0.145,0.01,0.3,10,0.19828529128755476,0
-0.145,0.01,0.3,11,0.21772837941835307,0
-0.145,0.01,0.3,12,0.21652719330742518,0
-0.145,0.01,0.3,13,0.20233674709113084,0
-0.145,0.01,0.3,14,0.18235209433564628,0
-0.145,0.01,0.3,15,0.20538254638947484,0
-0.145,0.01,0.3,16,0.22269767949853547,0
-0.145,0.01,0.3,17,-0.1701169364240012,1
-0.145,0.01,0.3,18,0.22827792319461082,0
-0.145,0.01,0.3,19,-0.37730363879113415,1
-0.145,0.01,0.3,20,0.19811877589055216,0
-0.145,0.01,0.3,21,0.2235021657690843,0
-0.145,0.01,0.3,22,0.1936062749634114,0
-0.145,0.01,0.3,23,0.20101428669835703,0
-0.145,0.01,0.3,24,0.21482307466666778,0
-0.145,0.01,0.3,25,-0.1143750221867812,1
-0.145,0.01,0.3,26,0.20822035129158273,0
-0.145,0.01,0.3,27,0.17860693265062239,0
-0.145,0.01,0.3,28,0.21052774945223293,0
-0.145,0.01,0.3,29,-0.3738628179708664,1
-0.145,0.01,0.3,30,0.21938193013968657,0
-0.145,0.01,0.3,31,0.19218672188244756,0
-0.145,0.01,0.3,32,-0.3680647930748419,1
-0.145,0.01,0.3,33,0.19343652658910057,0
-0.145,0.01,0.3,34,0.2061506361059383,0
-0.145,0.01,0.3,35,0.20759877726915357,0
-0.145,0.01,0.3,36,0.19671310050356103,0
-0.145,0.01,0.3,37,0.18129404584185277,0
-0.145,0.01,0.3,38,0.20328371764212239,0
-0.145,0.01,0.3,39,-0.3649418799164908,1
-0.145,0.01,0.3,40,0.08321863090194426,0
-0.145,0.01,0.3,41,0.21044000083063102,0
-0.145,0.01,0.3,42,0.19767426225245968,0
-0.145,0.01,0.3,43,0.21737046857324957,0
-0.145,0.01,0.3,44,0.20454262929282732,0
-0.145,0.01,0.3,45,0.20220207492178174,0
-0.145,0.01,0.3,46,0.20399510894014453,0
-0.145,0.01,0.3,47,0.21438055841893583,0
-0.145,0.01,0.3,48,0.18995364205290366,0
-0.145,0.01,0.3,49,0.20165646082657873,0
-0.145,0.01,0.3,50,0.2036703499627791,0
-0.145,0.01,0.3,51,0.2054418053263688,0
-0.145,0.01,0.3,52,0.18264632753988536,0
-0.145,0.01,0.3,53,0.21520050858497247,0
-0.145,0.01,0.3,54,0.16602011233523217,0
-0.145,0.01,0.3,55,0.20203791867499538,0
-0.145,0.01,0.3,56,-0.3678841954814793,1
-0.145,0.01,0.3,57,0.19772787728999108,0
-0.145,0.01,0.3,58,0.20688686710820892,0
-0.145,0.01,0.3,59,0.19604571755800312,0
-0.145,0.03,0.02,0,-0.4002554499737006,1
-0.145,0.03,0.02,1,-0.3851371788660865,1
-0.145,0.03,0.02,2,-0.407541143930846,1
-0.145,0.03,0.02,3,-0.3940238637853765,1
-0.145,0.03,0.02,4,-0.3846861007640077,1
-0.145,0.03,0.02,5,-0.4045073769675606,1
-0.145,0.03,0.02,6,-0.39627094362884946,1
-0.145,0.03,0.02,7,-0.4009537351975113,1
-0.145,0.03,0.02,8,-0.40501964452533107,1
-0.145,0.03,0.02,9,-0.40570324306617495,1
-0.145,0.03,0.02,10,-0.40037693421195447,1
-0.145,0.03,0.02,11,-0.4053580618629021,1
-0.145,0.03,0.02,12,-0.4069501059263855,1
-0.145,0.03,0.02,13,-0.40397169330600474,1
-0.145,0.03,0.02,14,-0.4071553474022285,1
-0.145,0.03,0.02,15,-0.4001632609981722,1
-0.145,0.03,0.02,16,-0.40703988847031175,1
-0.145,0.03,0.02,17,-0.39613243665288456,1
-0.145,0.03,0.02,18,-0.4055932057764273,1
-0.145,0.03,0.02,19,-0.4043973406459036,1
-0.145,0.03,0.02,20,-0.40314447538678194,1
-0.145,0.03,0.02,21,-0.3888487313633636,1
-0.145,0.03,0.02,22,-0.382431603173713,1
-0.145,0.03,0.02,23,-0.4081514699852114,1
-0.145,0.03,0.02,24,-0.3932193198033505,1
-0.145,0.03,0.02,25,-0.4052904934296399,1
-0.145,0.03,0.02,26,-0.40494179390031537,1
-0.145,0.03,0.02,27,-0.40693814831150493,1
-0.145,0.03,0.02,28,-0.40778928850124335,1
-0.145,0.03,0.02,29,-0.4074822403210872,1
-0.145,0.03,0.02,30,-0.4082489788988091,1
-0.145,0.03,0.02,31,-0.391948034680532,1
-0.145,0.03,0.02,32,-0.3952145089013437,1
-0.145,0.03,0.02,33,-0.39866014048375553,1
-0.145,0.03,0.02,34,-0.40618905465015576,1
-0.145,0.03,0.02,35,-0.40674970348489936,1
-0.145,0.03,0.02,36,-0.3956501804770127,1
-0.145,0.03,0.02,37,-0.40732972500900716,1
-0.145,0.03,0.02,38,-0.40119527097506175,1
-0.145,0.03,0.02,39,-0.3956900738378351,1
-0.145,0.03,0.02,40,-0.4077099656655847,1
-0.145,0.03,0.02,41,-0.4066810025116382,1
-0.145,0.03,0.02,42,-0.3942858777352365,1
-0.145,0.03,0.02,43,-0.40685774000936253,1
-0.145,0.03,0.02,44,-0.39663231727321374,1
-0.145,0.03,0.02,45,-0.4028444971310112,1
-0.145,0.03,0.02,46,-0.4083830640881302,1
-0.145,0.03,0.02,47,-0.4050037473083347,1
-0.145,0.03,0.02,48,-0.403588316205144,1
-0.145,0.03,0.02,49,-0.397524442837341,1
-0.145,0.03,0.02,50,-0.4070272429191701,1
-0.145,0.03,0.02,51,-0.39518464943964093,1
-0.145,0.03,0.02,52,-0.4068078444343589,1
-0.145,0.03,0.02,53,-0.4079360626990074,1
-0.145,0.03,0.02,54,-0.40378646133923374,1
-0.145,0.03,0.02,55,-0.39499635869509064,1
-0.145,0.03,0.02,56,-0.4064858700791608,1
-0.145,0.03,0.02,57,-0.3984865525210721,1
-0.145,0.03,0.02,58,-0.40686937899878745,1
-0.145,0.03,0.02,59,-0.39659596350978354,1
-0.145,0.03,0.1,0,-0.3898779575620388,1
-0.145,0.03,0.1,1,-0.40634475925943386,1
-0.145,0.03,0.1,2,-0.4010425463110682,1
-0.145,0.03,0.1,3,-0.40355177677388815,1
-0.145,0.03,0.1,4,-0.40447149461046783,1
-0.145,0.03,0.1,5,-0.3908580361827714,1
-0.145,0.03,0.1,6,-0.4058698796469153,1
-0.145,0.03,0.1,7,-0.39664412962915946,1
-0.145,0.03,0.1,8,-0.3927443537278709,1
-0.145,0.03,0.1,9,-0.4079571267311202,1
-0.145,0.03,0.1,10,-0.4015391607126669,1
-0.145,0.03,0.1,11,-0.4016263248333065,1
-0.145,0.03,0.1,12,-0.39229962843166544,1
-0.145,0.03,0.1,13,-0.4069302375677857,1
-0.145,0.03,0.1,14,-0.27608611438446246,1
-0.145,0.03,0.1,15,-0.3911746800579374,1
-0.145,0.03,0.1,16,-0.40288205548899164,1
-0.145,0.03,0.1,17,-0.3964632717560306,1
-0.145,0.03,0.1,18,-0.40713887023759865,1
-0.145,0.03,0.1,19,-0.397861791347033,1
-0.145,0.03,0.1,20,-0.3938191667073571,1
-0.145,0.03,0.1,21,-0.4071345114241194,1
-0.145,0.03,0.1,22,-0.40163604715734497,1
-0.145,0.03,0.1,23,-0.40218631462400395,1
-0.145,0.03,0.1,24,-0.40197844769695185,1
-0.145,0.03,0.1,25,0.1821878780184955,0
-0.145,0.03,0.1,26,-0.40730705883717017,1
-0.145,0.03,0.1,27,-0.39223580812195286,1
-0.145,0.03,0.1,28,-0.3905549406166475,1
-0.145,0.03,0.1,29,-0.383975248135486,1
-0.145,0.03,0.1,30,-0.3836942773828143,1
-0.145,0.03,0.1,31,-0.3794194655180419,1
-0.145,0.03,0.1,32,-0.4073899713036486,1
-0.145,0.03,0.1,33,-0.3992982015791961,1
-0.145,0.03,0.1,34,-0.40339367044311447,1
-0.145,0.03,0.1,35,-0.4063828150281979,1
-0.145,0.03,0.1,36,-0.37277987549638025,1
-0.145,0.03,0.1,37,-0.3920798990961193,1
-0.145,0.03,0.1,38,-0.38936898070780507,1
-0.145,0.03,0.1,39,-0.4051268792544227,1
-0.145,0.03,0.1,40,-0.37098236559276915,1
-0.145,0.03,0.1,41,-0.4012069426588174,1
-0.145,0.03,0.1,42,-0.4000845179139261,1
-0.145,0.03,0.1,43,-0.39544160086117486,1
-0.145,0.03,0.1,44,-0.4029462248197878,1
-0.145,0.03,0.1,45,-0.37425052449636864,1
-0.145,0.03,0.1,46,-0.40617818556199986,1
-0.145,0.03,0.1,47,-0.3954016977533515,1
-0.145,0.03,0.1,48,-0.40347331295627287,1
-0.145,0.03,0.1,49,-0.405033779053163,1
-0.145,0.03,0.1,50,-0.3902238136606612,1
-0.145,0.03,0.1,51,-0.3897976261975384,1
-0.145,0.03,0.1,52,-0.40281894292445664,1
-0.145,0.03,0.1,53,-0.40711794971025983,1
-0.145,0.03,0.1,54,-0.40833903047336656,1
-0.145,0.03,0.1,55,-0.4008948577327109,1
-0.145,0.03,0.1,56,-0.3975251855789598,1
-0.145,0.03,0.1,57,-0.4024370370821432,1
-0.145,0.03,0.1,58,-0.40025977052534834,1
-0.145,0.03,0.1,59,-0.40387369971605735,1
-0.145,0.03,0.3,0,-0.4021125767844706,1
-0.145,0.03,0.3,1,-0.37254644375879564,1
-0.145,0.03,0.3,2,-0.39808262988809473,1
-0.145,0.03,0.3,3,-0.3665289565371103,1
-0.145,0.03,0.3,4,-0.39014548672411276,1
-0.145,0.03,0.3,5,0.18398481553312537,0
-0.145,0.03,0.3,6,-0.4026737609102017,1
-0.145,0.03,0.3,7,-0.3847945559259148,1
-0.145,0.03,0.3,8,0.1773242246700773,0
-0.145,0.03,0.3,9,-0.40507479870346624,1
-0.145,0.03,0.3,10,0.19050759798574537,0
-0.145,0.03,0.3,11,-0.38569909450724116,1
-0.145,0.03,0.3,12,0.22827792319461082,0
-0.145,0.03,0.3,13,0.18782903708711426,0
-0.145,0.03,0.3,14,-0.3708697382451774,1
-0.145,0.03,0.3,15,-0.3006646161575029,1
-0.145,0.03,0.3,16,-0.4006349289288595,1
-0.145,0.03,0.3,17,-0.4057731296139228,1
-0.145,0.03,0.3,18,-0.3900438649228434,1
-0.145,0.03,0.3,19,-0.4057989112145601,1
-0.145,0.03,0.3,20,-0.384052399056026,1
-0.145,0.03,0.3,21,-0.4031768614148431,1
-0.145,0.03,0.3,22,-0.4048726136076396,1
-0.145,0.03,0.3,23,-0.40263931410320103,1
-0.145,0.03,0.3,24,0.22757949746086895,0
-0.145,0.03,0.3,25,-0.3750116772426618,1
-0.145,0.03,0.3,26,-0.4055489918318722,1
-0.145,0.03,0.3,27,-0.38943617484948034,1
-0.145,0.03,0.3,28,0.18976270457015398,0
-0.145,0.03,0.3,29,-0.4082058461582961,1
-0.145,0.03,0.3,30,0.225154513260046,0
-0.145,0.03,0.3,31,-0.37636864522473823,1
-0.145,0.03,0.3,32,0.20366608589907745,0
-0.145,0.03,0.3,33,-0.3969015930315192,1
-0.145,0.03,0.3,34,0.19488262441052825,0
-0.145,0.03,0.3,35,-0.37350263945708545,1
-0.145,0.03,0.3,36,-0.3685198333606086,1
-0.145,0.03,0.3,37,-0.37469377758346456,1
-0.145,0.03,0.3,38,-0.4055496697843382,1
-0.145,0.03,0.3,39,-0.3754585859040682,1
-0.145,0.03,0.3,40,-0.3974232583749846,1
-0.145,0.03,0.3,41,-0.40842731973502655,1
-0.145,0.03,0.3,42,-0.39813070257684996,1
-0.145,0.03,0.3,43,-0.3822517136893698,1
-0.145,0.03,0.3,44,-0.1994067155649351,1
-0.145,0.03,0.3,45,-0.4013480864205692,1
-0.145,0.03,0.3,46,-0.4064304015389514,1
-0.145,0.03,0.3,47,-0.38704897511573255,1
-0.145,0.03,0.3,48,-0.3909784119522761,1
-0.145,0.03,0.3,49,-0.4069277618980302,1
-0.145,0.03,0.3,50,-0.38768812857539503,1
-0.145,0.03,0.3,51,-0.39332331807016674,1
-0.145,0.03,0.3,52,-0.37917891838876866,1
-0.145,0.03,0.3,53,0.1803996117309192,0
-0.145,0.03,0.3,54,-0.37275353450769433,1
-0.145,0.03,0.3,55,0.19362775415136704,0
-0.145,0.03,0.3,56,-0.40259622349375057,1
-0.145,0.03,0.3,57,0.19601316751285075,0
-0.145,0.03,0.3,58,-0.3840248161894636,1
-0.145,0.03,0.3,59,-0.40673010537059984,1
-0.145,0.05,0.02,0,-0.40312293278972794,1
-0.145,0.05,0.02,1,-0.40354251226166044,1
-0.145,0.05,0.02,2,-0.4008687001944594,1
-0.145,0.05,0.02,3,-0.4063123511993036,1
-0.145,0.05,0.02,4,-0.40018690469032103,1
-0.145,0.05,0.02,5,-0.4055180543373461,1
-0.145,0.05,0.02,6,-0.40517024807536844,1
-0.145,0.05,0.02,7,-0.4026914472440783,1
-0.145,0.05,0.02,8,-0.4039876708399559,1
-0.145,0.05,0.02,9,-0.407060229076868,1
-0.145,0.05,0.02,10,-0.4071161249868585,1
-0.145,0.05,0.02,11,-0.40629843424333495,1
-0.145,0.05,0.02,12,-0.40325039937158014,1
-0.145,0.05,0.02,13,-0.4032879596296674,1
-0.145,0.05,0.02,14,-0.40806460959748486,1
-0.145,0.05,0.02,15,-0.4071611442280204,1
-0.145,0.05,0.02,16,-0.40108666399770254,1
-0.145,0.05,0.02,17,-0.39210088354144396,1
-0.145,0.05,0.02,18,-0.40583451384171837,1
-0.145,0.05,0.02,19,-0.4077066679306228,1
-0.145,0.05,0.02,20,-0.40612531764176774,1
-0.145,0.05,0.02,21,-0.4063530125626476,1
-0.145,0.05,0.02,22,-0.4039467869587543,1
-0.145,0.05,0.02,23,-0.3910840101662605,1
-0.145,0.05,0.02,24,-0.3949578434470496,1
-0.145,0.05,0.02,25,-0.4038621826079898,1
-0.145,0.05,0.02,26,-0.40580477150519634,1
-0.145,0.05,0.02,27,-0.40713003993230545,1
-0.145,0.05,0.02,28,-0.4052072422710889,1
-0.145,0.05,0.02,29,-0.39631883720226574,1
-0.145,0.05,0.02,30,-0.406364594115147,1
-0.145,0.05,0.02,31,-0.4024257748682884,1
-0.145,0.05,0.02,32,-0.40746092142643797,1
-0.145,0.05,0.02,33,-0.4075054961768194,1
-0.145,0.05,0.02,34,-0.388341453735546,1
-0.145,0.05,0.02,35,-0.4033495729713414,1
-0.145,0.05,0.02,36,-0.4071812698941448,1
-0.145,0.05,0.02,37,-0.40794141008377827,1
-0.145,0.05,0.02,38,-0.40566034023722386,1
-0.145,0.05,0.02,39,-0.4043362200526446,1
-0.145,0.05,0.02,40,-0.4078846412958974,1
-0.145,0.05,0.02,41,-0.40661380186579654,1
-0.145,0.05,0.02,42,-0.40365644622048236,1
-0.145,0.05,0.02,43,-0.4065061833806595,1
-0.145,0.05,0.02,44,-0.4024705809420671,1
-0.145,0.05,0.02,45,-0.39546611658731756,1
-0.145,0.05,0.02,46,-0.40466835892082226,1
-0.145,0.05,0.02,47,-0.40236300102585953,1
-0.145,0.05,0.02,48,-0.3891553344030929,1
-0.145,0.05,0.02,49,-0.3918662646269009,1
-0.145,0.05,0.02,50,-0.40745301129019923,1
-0.145,0.05,0.02,51,-0.4073938192554046,1
-0.145,0.05,0.02,52,-0.4083955256978188,1
-0.145,0.05,0.02,53,-0.4057757290005874,1
-0.145,0.05,0.02,54,-0.4079949338672003,1
-0.145,0.05,0.02,55,-0.4083832052088171,1
-0.145,0.05,0.02,56,-0.40612996055049455,1
-0.145,0.05,0.02,57,-0.40082727766451665,1
-0.145,0.05,0.02,58,-0.40624479917131706,1
-0.145,0.05,0.02,59,-0.40056734003941935,1
-0.145,0.05,0.1,0,-0.40741412151842654,1
-0.145,0.05,0.1,1,-0.4082384272880779,1
-0.145,0.05,0.1,2,-0.4033206499737554,1
-0.145,0.05,0.1,3,-0.40562249472882794,1
-0.145,0.05,0.1,4,-0.4057226688264723,1
-0.145,0.05,0.1,5,-0.40663598031339626,1
-0.145,0.05,0.1,6,-0.403330566321903,1
-0.145,0.05,0.1,7,-0.40785019345352463,1
-0.145,0.05,0.1,8,-0.40553189016909647,1
-0.145,0.05,0.1,9,-0.3841993927656659,1
-0.145,0.05,0.1,10,-0.4003078148215944,1
-0.145,0.05,0.1,11,-0.39939862156085487,1
-0.145,0.05,0.1,12,-0.3869004467042436,1
-0.145,0.05,0.1,13,-0.40797630801103946,1
-0.145,0.05,0.1,14,-0.3899999537423641,1
-0.145,0.05,0.1,15,-0.4041523024509131,1
-0.145,0.05,0.1,16,-0.4020682240736593,1
-0.145,0.05,0.1,17,-0.39716679419296513,1
-0.145,0.05,0.1,18,-0.3852415536520182,1
-0.145,0.05,0.1,19,-0.4061601595980501,1
-0.145,0.05,0.1,20,-0.3958012850910861,1
-0.145,0.05,0.1,21,-0.3885760646529609,1
-0.145,0.05,0.1,22,-0.4059002798575337,1
-0.145,0.05,0.1,23,-0.402450825633689,1
-0.145,0.05,0.1,24,-0.40661167305461304,1
-0.145,0.05,0.1,25,-0.40540725251919574,1
-0.145,0.05,0.1,26,-0.40002916249603576,1
-0.145,0.05,0.1,27,-0.4010319234297563,1
-0.145,0.05,0.1,28,-0.4081849078115099,1
-0.145,0.05,0.1,29,-0.4078852929289128,1
-0.145,0.05,0.1,30,-0.38259304574191105,1
-0.145,0.05,0.1,31,-0.39579576465187744,1
-0.145,0.05,0.1,32,-0.40532802261127454,1
-0.145,0.05,0.1,33,-0.4006858162472741,1
-0.145,0.05,0.1,34,-0.40342744872496955,1
-0.145,0.05,0.1,35,-0.4032278803953551,1
-0.145,0.05,0.1,36,-0.4042072535117253,1
-0.145,0.05,0.1,37,-0.40719902499754473,1
-0.145,0.05,0.1,38,-0.40710460984093916,1
-0.145,0.05,0.1,39,-0.4061959471369974,1
-0.145,0.05,0.1,40,-0.4061483691403954,1
-0.145,0.05,0.1,41,-0.3916668279286283,1
-0.145,0.05,0.1,42,-0.4079614257720043,1
-0.145,0.05,0.1,43,-0.37207186613664117,1
-0.145,0.05,0.1,44,-0.40556075858114277,1
-0.145,0.05,0.1,45,-0.3946264709366685,1
-0.145,0.05,0.1,46,-0.406041479993815,1
-0.145,0.05,0.1,47,-0.39997720064414805,1
-0.145,0.05,0.1,48,-0.3947444673188529,1
-0.145,0.05,0.1,49,-0.40787077943024297,1
-0.145,0.05,0.1,50,-0.397719271052962,1
-0.145,0.05,0.1,51,-0.3882162330482858,1
-0.145,0.05,0.1,52,-0.4012085551000702,1
-0.145,0.05,0.1,53,-0.3705975656483486,1
-0.145,0.05,0.1,54,-0.4069953202194824,1
-0.145,0.05,0.1,55,-0.38991262634168283,1
-0.145,0.05,0.1,56,-0.4082315278412907,1
-0.145,0.05,0.1,57,-0.395982398650967,1
-0.145,0.05,0.1,58,-0.4076163092079065,1
-0.145,0.05,0.1,59,-0.4052976871016563,1
-0.145,0.05,0.3,0,-0.40771027439599133,1
-0.145,0.05,0.3,1,-0.39225391017285705,1
-0.145,0.05,0.3,2,-0.39982051935202806,1
-0.145,0.05,0.3,3,0.08903667241761859,0
-0.145,0.05,0.3,4,-0.37626148861433495,1
-0.145,0.05,0.3,5,-0.38319662044572766,1
-0.145,0.05,0.3,6,-0.40300018256222475,1
-0.145,0.05,0.3,7,-0.4055721519013712,1
-0.145,0.05,0.3,8,-0.39377407778103063,1
-0.145,0.05,0.3,9,-0.4020033707742532,1
-0.145,0.05,0.3,10,-0.40379467684129255,1
-0.145,0.05,0.3,11,-0.40297613535552657,1
-0.145,0.05,0.3,12,-0.380283381739748,1
-0.145,0.05,0.3,13,-0.38220947264081967,1
-0.145,0.05,0.3,14,-0.4058526579442081,1
-0.145,0.05,0.3,15,-0.37924176785192754,1
-0.145,0.05,0.3,16,-0.40504058256241565,1
-0.145,0.05,0.3,17,-0.40235621739280525,1
-0.145,0.05,0.3,18,-0.37528011935053096,1
-0.145,0.05,0.3,19,-0.40799582330596473,1
-0.145,0.05,0.3,20,-0.39670144893165576,1
-0.145,0.05,0.3,21,-0.40677674514923007,1
-0.145,0.05,0.3,22,-0.3989899149905517,1
-0.145,0.05,0.3,23,-0.4070081432658819,1
-0.145,0.05,0.3,24,0.19456933329086085,0
-0.145,0.05,0.3,25,-0.4069374433994565,1
-0.145,0.05,0.3,26,0.21834248348511892,0
-0.145,0.05,0.3,27,-0.40388557513772244,1
-0.145,0.05,0.3,28,-0.38580072522428704,1
-0.145,0.05,0.3,29,-0.40068950905957884,1
-0.145,0.05,0.3,30,-0.40451959172107105,1
-0.145,0.05,0.3,31,-0.40203464292031243,1
-0.145,0.05,0.3,32,-0.4054259599676865,1
-0.145,0.05,0.3,33,-0.3975195155065663,1
-0.145,0.05,0.3,34,-0.3961087787523844,1
-0.145,0.05,0.3,35,-0.4032611721121975,1
-0.145,0.05,0.3,36,0.2041768564759264,0
-0.145,0.05,0.3,37,-0.4080617637198228,1
-0.145,0.05,0.3,38,-0.4083322112255971,1
-0.145,0.05,0.3,39,-0.4035357099166449,1
-0.145,0.05,0.3,40,-0.40724552792346647,1
-0.145,0.05,0.3,41,-0.40450344110543285,1
-0.145,0.05,0.3,42,-0.4081800783775495,1
-0.145,0.05,0.3,43,-0.4002438711742697,1
-0.145,0.05,0.3,44,-0.3993764438582838,1
-0.145,0.05,0.3,45,-0.40408343630873433,1
-0.145,0.05,0.3,46,-0.4079097529375097,1
-0.145,0.05,0.3,47,-0.4073167008759592,1
-0.145,0.05,0.3,48,-0.4030631182060638,1
-0.145,0.05,0.3,49,-0.40461452091521666,1
-0.145,0.05,0.3,50,-0.40628628767991815,1
-0.145,0.05,0.3,51,-0.40462167572455604,1
-0.145,0.05,0.3,52,-0.406846336867846,1
-0.145,0.05,0.3,53,-0.39404753993222885,1
-0.145,0.05,0.3,54,-0.3862485584680756,1
-0.145,0.05,0.3,55,-0.3835164329637022,1
-0.145,0.05,0.3,56,-0.40640717069989823,1
-0.145,0.05,0.3,57,-0.40796433426593165,1
-0.145,0.05,0.3,58,-0.3704851262309215,1
-0.145,0.05,0.3,59,-0.40726213284746293,1
